user_id,name,age,profile_type,session_code,secret_question,secret_answer
U001,Brou_0,22,mixed,BROU_0-59A4C,Quel est ton film préféré ?,cinéma
U002,Alice_1,15,comedy,ALICE_1-59A4C,Quel est ton film préféré ?,cinéma
U003,Bob_2,35,action,BOB_2-59A4C,Quel est ton film préféré ?,cinéma
U004,Charlie_3,25,sci-fi,CHARLIE_3-59A4C,Quel est ton film préféré ?,cinéma
U005,Thomas_4,18,horror,THOMAS_4-59A4C,Quel est ton film préféré ?,cinéma
U006,Georges_5,23,thriller,GEORGES_5-59A4C,Quel est ton film préféré ?,cinéma
U007,Julie_6,31,romance,JULIE_6-59A4C,Quel est ton film préféré ?,cinéma
U008,Sarah_7,15,animation,SARAH_7-59A4C,Quel est ton film préféré ?,cinéma
U009,Marc_8,45,drama,MARC_8-59A4C,Quel est ton film préféré ?,cinéma
U010,Sophie_9,62,mixed,SOPHIE_9-59A4C,Quel est ton film préféré ?,cinéma
U011,Brou_10,22,mixed,BROU_10-59A4C,Quel est ton film préféré ?,cinéma
U012,Alice_11,15,comedy,ALICE_11-59A4C,Quel est ton film préféré ?,cinéma
U013,Bob_12,35,action,BOB_12-59A4C,Quel est ton film préféré ?,cinéma
U014,Charlie_13,25,sci-fi,CHARLIE_13-59A4C,Quel est ton film préféré ?,cinéma
U015,Thomas_14,18,horror,THOMAS_14-59A4C,Quel est ton film préféré ?,cinéma
U016,Georges_15,23,thriller,GEORGES_15-59A4C,Quel est ton film préféré ?,cinéma
U017,Julie_16,31,romance,JULIE_16-59A4C,Quel est ton film préféré ?,cinéma
U018,Sarah_17,15,animation,SARAH_17-59A4C,Quel est ton film préféré ?,cinéma
U019,Marc_18,45,drama,MARC_18-59A4C,Quel est ton film préféré ?,cinéma
U020,Sophie_19,62,mixed,SOPHIE_19-59A4C,Quel est ton film préféré ?,cinéma
U021,Brou_20,22,mixed,BROU_20-59A4C,Quel est ton film préféré ?,cinéma
U022,Alice_21,15,comedy,ALICE_21-59A4C,Quel est ton film préféré ?,cinéma
U023,Bob_22,35,action,BOB_22-59A4C,Quel est ton film préféré ?,cinéma
U024,Charlie_23,25,sci-fi,CHARLIE_23-59A4C,Quel est ton film préféré ?,cinéma
U025,Thomas_24,18,horror,THOMAS_24-59A4C,Quel est ton film préféré ?,cinéma
U026,Georges_25,23,thriller,GEORGES_25-59A4C,Quel est ton film préféré ?,cinéma
U027,Julie_26,31,romance,JULIE_26-59A4C,Quel est ton film préféré ?,cinéma
U028,Sarah_27,15,animation,SARAH_27-59A4C,Quel est ton film préféré ?,cinéma
U029,Marc_28,45,drama,MARC_28-59A4C,Quel est ton film préféré ?,cinéma
U030,Sophie_29,62,mixed,SOPHIE_29-59A4C,Quel est ton film préféré ?,cinéma
U031,Brou_30,22,mixed,BROU_30-59A4C,Quel est ton film préféré ?,cinéma
U032,Alice_31,15,comedy,ALICE_31-59A4C,Quel est ton film préféré ?,cinéma
U033,Bob_32,35,action,BOB_32-59A4C,Quel est ton film préféré ?,cinéma
U034,Charlie_33,25,sci-fi,CHARLIE_33-59A4C,Quel est ton film préféré ?,cinéma
U035,Thomas_34,18,horror,THOMAS_34-59A4C,Quel est ton film préféré ?,cinéma
U036,Georges_35,23,thriller,GEORGES_35-59A4C,Quel est ton film préféré ?,cinéma
U037,Julie_36,31,romance,JULIE_36-59A4C,Quel est ton film préféré ?,cinéma
U038,Sarah_37,15,animation,SARAH_37-59A4C,Quel est ton film préféré ?,cinéma
U039,Marc_38,45,drama,MARC_38-59A4C,Quel est ton film préféré ?,cinéma
U040,Sophie_39,62,mixed,SOPHIE_39-59A4C,Quel est ton film préféré ?,cinéma
U041,Brou_40,22,mixed,BROU_40-59A4C,Quel est ton film préféré ?,cinéma
U042,Alice_41,15,comedy,ALICE_41-59A4C,Quel est ton film préféré ?,cinéma
U043,Bob_42,35,action,BOB_42-59A4C,Quel est ton film préféré ?,cinéma
U044,Charlie_43,25,sci-fi,CHARLIE_43-59A4C,Quel est ton film préféré ?,cinéma
U045,Thomas_44,18,horror,THOMAS_44-59A4C,Quel est ton film préféré ?,cinéma
U046,Georges_45,23,thriller,GEORGES_45-59A4C,Quel est ton film préféré ?,cinéma
U047,Julie_46,31,romance,JULIE_46-59A4C,Quel est ton film préféré ?,cinéma
U048,Sarah_47,15,animation,SARAH_47-59A4C,Quel est ton film préféré ?,cinéma
U049,Marc_48,45,drama,MARC_48-59A4C,Quel est ton film préféré ?,cinéma
U050,Sophie_49,62,mixed,SOPHIE_49-59A4C,Quel est ton film préféré ?,cinéma
U051,Brou_50,22,mixed,BROU_50-59A4C,Quel est ton film préféré ?,cinéma
U052,Alice_51,15,comedy,ALICE_51-59A4C,Quel est ton film préféré ?,cinéma
U053,Bob_52,35,action,BOB_52-59A4C,Quel est ton film préféré ?,cinéma
U054,Charlie_53,25,sci-fi,CHARLIE_53-59A4C,Quel est ton film préféré ?,cinéma
U055,Thomas_54,18,horror,THOMAS_54-59A4C,Quel est ton film préféré ?,cinéma
U056,Georges_55,23,thriller,GEORGES_55-59A4C,Quel est ton film préféré ?,cinéma
U057,Julie_56,31,romance,JULIE_56-59A4C,Quel est ton film préféré ?,cinéma
U058,Sarah_57,15,animation,SARAH_57-59A4C,Quel est ton film préféré ?,cinéma
U059,Marc_58,45,drama,MARC_58-59A4C,Quel est ton film préféré ?,cinéma
U060,Sophie_59,62,mixed,SOPHIE_59-59A4C,Quel est ton film préféré ?,cinéma
U061,Brou_60,22,mixed,BROU_60-59A4C,Quel est ton film préféré ?,cinéma
U062,Alice_61,15,comedy,ALICE_61-59A4C,Quel est ton film préféré ?,cinéma
U063,Bob_62,35,action,BOB_62-59A4C,Quel est ton film préféré ?,cinéma
U064,Charlie_63,25,sci-fi,CHARLIE_63-59A4C,Quel est ton film préféré ?,cinéma
U065,Thomas_64,18,horror,THOMAS_64-59A4C,Quel est ton film préféré ?,cinéma
U066,Georges_65,23,thriller,GEORGES_65-59A4C,Quel est ton film préféré ?,cinéma
U067,Julie_66,31,romance,JULIE_66-59A4C,Quel est ton film préféré ?,cinéma
U068,Sarah_67,15,animation,SARAH_67-59A4C,Quel est ton film préféré ?,cinéma
U069,Marc_68,45,drama,MARC_68-59A4C,Quel est ton film préféré ?,cinéma
U070,Sophie_69,62,mixed,SOPHIE_69-59A4C,Quel est ton film préféré ?,cinéma
U071,Brou_70,22,mixed,BROU_70-59A4C,Quel est ton film préféré ?,cinéma
U072,Alice_71,15,comedy,ALICE_71-59A4C,Quel est ton film préféré ?,cinéma
U073,Bob_72,35,action,BOB_72-59A4C,Quel est ton film préféré ?,cinéma
U074,Charlie_73,25,sci-fi,CHARLIE_73-59A4C,Quel est ton film préféré ?,cinéma
U075,Thomas_74,18,horror,THOMAS_74-59A4C,Quel est ton film préféré ?,cinéma
U076,Georges_75,23,thriller,GEORGES_75-59A4C,Quel est ton film préféré ?,cinéma
U077,Julie_76,31,romance,JULIE_76-59A4C,Quel est ton film préféré ?,cinéma
U078,Sarah_77,15,animation,SARAH_77-59A4C,Quel est ton film préféré ?,cinéma
U079,Marc_78,45,drama,MARC_78-59A4C,Quel est ton film préféré ?,cinéma
U080,Sophie_79,62,mixed,SOPHIE_79-59A4C,Quel est ton film préféré ?,cinéma
U081,Brou_80,22,mixed,BROU_80-59A4C,Quel est ton film préféré ?,cinéma
U082,Alice_81,15,comedy,ALICE_81-59A4C,Quel est ton film préféré ?,cinéma
U083,Bob_82,35,action,BOB_82-59A4C,Quel est ton film préféré ?,cinéma
U084,Charlie_83,25,sci-fi,CHARLIE_83-59A4C,Quel est ton film préféré ?,cinéma
U085,Thomas_84,18,horror,THOMAS_84-59A4C,Quel est ton film préféré ?,cinéma
U086,Georges_85,23,thriller,GEORGES_85-59A4C,Quel est ton film préféré ?,cinéma
U087,Julie_86,31,romance,JULIE_86-59A4C,Quel est ton film préféré ?,cinéma
U088,Sarah_87,15,animation,SARAH_87-59A4C,Quel est ton film préféré ?,cinéma
U089,Marc_88,45,drama,MARC_88-59A4C,Quel est ton film préféré ?,cinéma
U090,Sophie_89,62,mixed,SOPHIE_89-59A4C,Quel est ton film préféré ?,cinéma
U091,Brou_90,22,mixed,BROU_90-59A4C,Quel est ton film préféré ?,cinéma
U092,Alice_91,15,comedy,ALICE_91-59A4C,Quel est ton film préféré ?,cinéma
U093,Bob_92,35,action,BOB_92-59A4C,Quel est ton film préféré ?,cinéma
U094,Charlie_93,25,sci-fi,CHARLIE_93-59A4C,Quel est ton film préféré ?,cinéma
U095,Thomas_94,18,horror,THOMAS_94-59A4C,Quel est ton film préféré ?,cinéma
U096,Georges_95,23,thriller,GEORGES_95-59A4C,Quel est ton film préféré ?,cinéma
U097,Julie_96,31,romance,JULIE_96-59A4C,Quel est ton film préféré ?,cinéma
U098,Sarah_97,15,animation,SARAH_97-59A4C,Quel est ton film préféré ?,cinéma
U099,Marc_98,45,drama,MARC_98-59A4C,Quel est ton film préféré ?,cinéma
U100,Sophie_99,62,mixed,SOPHIE_99-59A4C,Quel est ton film préféré ?,cinéma
U101,Brou_100,22,mixed,BROU_100-59A4C,Quel est ton film préféré ?,cinéma
U102,Alice_101,15,comedy,ALICE_101-59A4C,Quel est ton film préféré ?,cinéma
U103,Bob_102,35,action,BOB_102-59A4C,Quel est ton film préféré ?,cinéma
U104,Charlie_103,25,sci-fi,CHARLIE_103-59A4C,Quel est ton film préféré ?,cinéma
U105,Thomas_104,18,horror,THOMAS_104-59A4C,Quel est ton film préféré ?,cinéma
U106,Georges_105,23,thriller,GEORGES_105-59A4C,Quel est ton film préféré ?,cinéma
U107,Julie_106,31,romance,JULIE_106-59A4C,Quel est ton film préféré ?,cinéma
U108,Sarah_107,15,animation,SARAH_107-59A4C,Quel est ton film préféré ?,cinéma
U109,Marc_108,45,drama,MARC_108-59A4C,Quel est ton film préféré ?,cinéma
U110,Sophie_109,62,mixed,SOPHIE_109-59A4C,Quel est ton film préféré ?,cinéma
U111,Brou_110,22,mixed,BROU_110-59A4C,Quel est ton film préféré ?,cinéma
U112,Alice_111,15,comedy,ALICE_111-59A4C,Quel est ton film préféré ?,cinéma
U113,Bob_112,35,action,BOB_112-59A4C,Quel est ton film préféré ?,cinéma
U114,Charlie_113,25,sci-fi,CHARLIE_113-59A4C,Quel est ton film préféré ?,cinéma
U115,Thomas_114,18,horror,THOMAS_114-59A4C,Quel est ton film préféré ?,cinéma
U116,Georges_115,23,thriller,GEORGES_115-59A4C,Quel est ton film préféré ?,cinéma
U117,Julie_116,31,romance,JULIE_116-59A4C,Quel est ton film préféré ?,cinéma
U118,Sarah_117,15,animation,SARAH_117-59A4C,Quel est ton film préféré ?,cinéma
U119,Marc_118,45,drama,MARC_118-59A4C,Quel est ton film préféré ?,cinéma
U120,Sophie_119,62,mixed,SOPHIE_119-59A4C,Quel est ton film préféré ?,cinéma
U121,Brou_120,22,mixed,BROU_120-59A4C,Quel est ton film préféré ?,cinéma
U122,Alice_121,15,comedy,ALICE_121-59A4C,Quel est ton film préféré ?,cinéma
U123,Bob_122,35,action,BOB_122-59A4C,Quel est ton film préféré ?,cinéma
U124,Charlie_123,25,sci-fi,CHARLIE_123-59A4C,Quel est ton film préféré ?,cinéma
U125,Thomas_124,18,horror,THOMAS_124-59A4C,Quel est ton film préféré ?,cinéma
U126,Georges_125,23,thriller,GEORGES_125-59A4C,Quel est ton film préféré ?,cinéma
U127,Julie_126,31,romance,JULIE_126-59A4C,Quel est ton film préféré ?,cinéma
U128,Sarah_127,15,animation,SARAH_127-59A4C,Quel est ton film préféré ?,cinéma
U129,Marc_128,45,drama,MARC_128-59A4C,Quel est ton film préféré ?,cinéma
U130,Sophie_129,62,mixed,SOPHIE_129-59A4C,Quel est ton film préféré ?,cinéma
U131,Brou_130,22,mixed,BROU_130-59A4C,Quel est ton film préféré ?,cinéma
U132,Alice_131,15,comedy,ALICE_131-59A4C,Quel est ton film préféré ?,cinéma
U133,Bob_132,35,action,BOB_132-59A4C,Quel est ton film préféré ?,cinéma
U134,Charlie_133,25,sci-fi,CHARLIE_133-59A4C,Quel est ton film préféré ?,cinéma
U135,Thomas_134,18,horror,THOMAS_134-59A4C,Quel est ton film préféré ?,cinéma
U136,Georges_135,23,thriller,GEORGES_135-59A4C,Quel est ton film préféré ?,cinéma
U137,Julie_136,31,romance,JULIE_136-59A4C,Quel est ton film préféré ?,cinéma
U138,Sarah_137,15,animation,SARAH_137-59A4C,Quel est ton film préféré ?,cinéma
U139,Marc_138,45,drama,MARC_138-59A4C,Quel est ton film préféré ?,cinéma
U140,Sophie_139,62,mixed,SOPHIE_139-59A4C,Quel est ton film préféré ?,cinéma
U141,Brou_140,22,mixed,BROU_140-59A4C,Quel est ton film préféré ?,cinéma
U142,Alice_141,15,comedy,ALICE_141-59A4C,Quel est ton film préféré ?,cinéma
U143,Bob_142,35,action,BOB_142-59A4C,Quel est ton film préféré ?,cinéma
U144,Charlie_143,25,sci-fi,CHARLIE_143-59A4C,Quel est ton film préféré ?,cinéma
U145,Thomas_144,18,horror,THOMAS_144-59A4C,Quel est ton film préféré ?,cinéma
U146,Georges_145,23,thriller,GEORGES_145-59A4C,Quel est ton film préféré ?,cinéma
U147,Julie_146,31,romance,JULIE_146-59A4C,Quel est ton film préféré ?,cinéma
U148,Sarah_147,15,animation,SARAH_147-59A4C,Quel est ton film préféré ?,cinéma
U149,Marc_148,45,drama,MARC_148-59A4C,Quel est ton film préféré ?,cinéma
U150,Sophie_149,62,mixed,SOPHIE_149-59A4C,Quel est ton film préféré ?,cinéma
U151,Brou_150,22,mixed,BROU_150-59A4C,Quel est ton film préféré ?,cinéma
U152,Alice_151,15,comedy,ALICE_151-59A4C,Quel est ton film préféré ?,cinéma
U153,Bob_152,35,action,BOB_152-59A4C,Quel est ton film préféré ?,cinéma
U154,Charlie_153,25,sci-fi,CHARLIE_153-59A4C,Quel est ton film préféré ?,cinéma
U155,Thomas_154,18,horror,THOMAS_154-59A4C,Quel est ton film préféré ?,cinéma
U156,Georges_155,23,thriller,GEORGES_155-59A4C,Quel est ton film préféré ?,cinéma
U157,Julie_156,31,romance,JULIE_156-59A4C,Quel est ton film préféré ?,cinéma
U158,Sarah_157,15,animation,SARAH_157-59A4C,Quel est ton film préféré ?,cinéma
U159,Marc_158,45,drama,MARC_158-59A4C,Quel est ton film préféré ?,cinéma
U160,Sophie_159,62,mixed,SOPHIE_159-59A4C,Quel est ton film préféré ?,cinéma
U161,Brou_160,22,mixed,BROU_160-59A4C,Quel est ton film préféré ?,cinéma
U162,Alice_161,15,comedy,ALICE_161-59A4C,Quel est ton film préféré ?,cinéma
U163,Bob_162,35,action,BOB_162-59A4C,Quel est ton film préféré ?,cinéma
U164,Charlie_163,25,sci-fi,CHARLIE_163-59A4C,Quel est ton film préféré ?,cinéma
U165,Thomas_164,18,horror,THOMAS_164-59A4C,Quel est ton film préféré ?,cinéma
U166,Georges_165,23,thriller,GEORGES_165-59A4C,Quel est ton film préféré ?,cinéma
U167,Julie_166,31,romance,JULIE_166-59A4C,Quel est ton film préféré ?,cinéma
U168,Sarah_167,15,animation,SARAH_167-59A4C,Quel est ton film préféré ?,cinéma
U169,Marc_168,45,drama,MARC_168-59A4C,Quel est ton film préféré ?,cinéma
U170,Sophie_169,62,mixed,SOPHIE_169-59A4C,Quel est ton film préféré ?,cinéma
U171,Brou_170,22,mixed,BROU_170-59A4C,Quel est ton film préféré ?,cinéma
U172,Alice_171,15,comedy,ALICE_171-59A4C,Quel est ton film préféré ?,cinéma
U173,Bob_172,35,action,BOB_172-59A4C,Quel est ton film préféré ?,cinéma
U174,Charlie_173,25,sci-fi,CHARLIE_173-59A4C,Quel est ton film préféré ?,cinéma
U175,Thomas_174,18,horror,THOMAS_174-59A4C,Quel est ton film préféré ?,cinéma
U176,Georges_175,23,thriller,GEORGES_175-59A4C,Quel est ton film préféré ?,cinéma
U177,Julie_176,31,romance,JULIE_176-59A4C,Quel est ton film préféré ?,cinéma
U178,Sarah_177,15,animation,SARAH_177-59A4C,Quel est ton film préféré ?,cinéma
U179,Marc_178,45,drama,MARC_178-59A4C,Quel est ton film préféré ?,cinéma
U180,Sophie_179,62,mixed,SOPHIE_179-59A4C,Quel est ton film préféré ?,cinéma
U181,Brou_180,22,mixed,BROU_180-59A4C,Quel est ton film préféré ?,cinéma
U182,Alice_181,15,comedy,ALICE_181-59A4C,Quel est ton film préféré ?,cinéma
U183,Bob_182,35,action,BOB_182-59A4C,Quel est ton film préféré ?,cinéma
U184,Charlie_183,25,sci-fi,CHARLIE_183-59A4C,Quel est ton film préféré ?,cinéma
U185,Thomas_184,18,horror,THOMAS_184-59A4C,Quel est ton film préféré ?,cinéma
U186,Georges_185,23,thriller,GEORGES_185-59A4C,Quel est ton film préféré ?,cinéma
U187,Julie_186,31,romance,JULIE_186-59A4C,Quel est ton film préféré ?,cinéma
U188,Sarah_187,15,animation,SARAH_187-59A4C,Quel est ton film préféré ?,cinéma
U189,Marc_188,45,drama,MARC_188-59A4C,Quel est ton film préféré ?,cinéma
U190,Sophie_189,62,mixed,SOPHIE_189-59A4C,Quel est ton film préféré ?,cinéma
U191,Brou_190,22,mixed,BROU_190-59A4C,Quel est ton film préféré ?,cinéma
U192,Alice_191,15,comedy,ALICE_191-59A4C,Quel est ton film préféré ?,cinéma
U193,Bob_192,35,action,BOB_192-59A4C,Quel est ton film préféré ?,cinéma
U194,Charlie_193,25,sci-fi,CHARLIE_193-59A4C,Quel est ton film préféré ?,cinéma
U195,Thomas_194,18,horror,THOMAS_194-59A4C,Quel est ton film préféré ?,cinéma
U196,Georges_195,23,thriller,GEORGES_195-59A4C,Quel est ton film préféré ?,cinéma
U197,Julie_196,31,romance,JULIE_196-59A4C,Quel est ton film préféré ?,cinéma
U198,Sarah_197,15,animation,SARAH_197-59A4C,Quel est ton film préféré ?,cinéma
U199,Marc_198,45,drama,MARC_198-59A4C,Quel est ton film préféré ?,cinéma
U200,Sophie_199,62,mixed,SOPHIE_199-59A4C,Quel est ton film préféré ?,cinéma
U201,Brou_200,22,mixed,BROU_200-59A4C,Quel est ton film préféré ?,cinéma
U202,Alice_201,15,comedy,ALICE_201-59A4C,Quel est ton film préféré ?,cinéma
U203,Bob_202,35,action,BOB_202-59A4C,Quel est ton film préféré ?,cinéma
U204,Charlie_203,25,sci-fi,CHARLIE_203-59A4C,Quel est ton film préféré ?,cinéma
U205,Thomas_204,18,horror,THOMAS_204-59A4C,Quel est ton film préféré ?,cinéma
U206,Georges_205,23,thriller,GEORGES_205-59A4C,Quel est ton film préféré ?,cinéma
U207,Julie_206,31,romance,JULIE_206-59A4C,Quel est ton film préféré ?,cinéma
U208,Sarah_207,15,animation,SARAH_207-59A4C,Quel est ton film préféré ?,cinéma
U209,Marc_208,45,drama,MARC_208-59A4C,Quel est ton film préféré ?,cinéma
U210,Sophie_209,62,mixed,SOPHIE_209-59A4C,Quel est ton film préféré ?,cinéma
U211,Brou_210,22,mixed,BROU_210-59A4C,Quel est ton film préféré ?,cinéma
U212,Alice_211,15,comedy,ALICE_211-59A4C,Quel est ton film préféré ?,cinéma
U213,Bob_212,35,action,BOB_212-59A4C,Quel est ton film préféré ?,cinéma
U214,Charlie_213,25,sci-fi,CHARLIE_213-59A4C,Quel est ton film préféré ?,cinéma
U215,Thomas_214,18,horror,THOMAS_214-59A4C,Quel est ton film préféré ?,cinéma
U216,Georges_215,23,thriller,GEORGES_215-59A4C,Quel est ton film préféré ?,cinéma
U217,Julie_216,31,romance,JULIE_216-59A4C,Quel est ton film préféré ?,cinéma
U218,Sarah_217,15,animation,SARAH_217-59A4C,Quel est ton film préféré ?,cinéma
U219,Marc_218,45,drama,MARC_218-59A4C,Quel est ton film préféré ?,cinéma
U220,Sophie_219,62,mixed,SOPHIE_219-59A4C,Quel est ton film préféré ?,cinéma
U221,Brou_220,22,mixed,BROU_220-59A4C,Quel est ton film préféré ?,cinéma
U222,Alice_221,15,comedy,ALICE_221-59A4C,Quel est ton film préféré ?,cinéma
U223,Bob_222,35,action,BOB_222-59A4C,Quel est ton film préféré ?,cinéma
U224,Charlie_223,25,sci-fi,CHARLIE_223-59A4C,Quel est ton film préféré ?,cinéma
U225,Thomas_224,18,horror,THOMAS_224-59A4C,Quel est ton film préféré ?,cinéma
U226,Georges_225,23,thriller,GEORGES_225-59A4C,Quel est ton film préféré ?,cinéma
U227,Julie_226,31,romance,JULIE_226-59A4C,Quel est ton film préféré ?,cinéma
U228,Sarah_227,15,animation,SARAH_227-59A4C,Quel est ton film préféré ?,cinéma
U229,Marc_228,45,drama,MARC_228-59A4C,Quel est ton film préféré ?,cinéma
U230,Sophie_229,62,mixed,SOPHIE_229-59A4C,Quel est ton film préféré ?,cinéma
U231,Brou_230,22,mixed,BROU_230-59A4C,Quel est ton film préféré ?,cinéma
U232,Alice_231,15,comedy,ALICE_231-59A4C,Quel est ton film préféré ?,cinéma
U233,Bob_232,35,action,BOB_232-59A4C,Quel est ton film préféré ?,cinéma
U234,Charlie_233,25,sci-fi,CHARLIE_233-59A4C,Quel est ton film préféré ?,cinéma
U235,Thomas_234,18,horror,THOMAS_234-59A4C,Quel est ton film préféré ?,cinéma
U236,Georges_235,23,thriller,GEORGES_235-59A4C,Quel est ton film préféré ?,cinéma
U237,Julie_236,31,romance,JULIE_236-59A4C,Quel est ton film préféré ?,cinéma
U238,Sarah_237,15,animation,SARAH_237-59A4C,Quel est ton film préféré ?,cinéma
U239,Marc_238,45,drama,MARC_238-59A4C,Quel est ton film préféré ?,cinéma
U240,Sophie_239,62,mixed,SOPHIE_239-59A4C,Quel est ton film préféré ?,cinéma
U241,Brou_240,22,mixed,BROU_240-59A4C,Quel est ton film préféré ?,cinéma
U242,Alice_241,15,comedy,ALICE_241-59A4C,Quel est ton film préféré ?,cinéma
U243,Bob_242,35,action,BOB_242-59A4C,Quel est ton film préféré ?,cinéma
U244,Charlie_243,25,sci-fi,CHARLIE_243-59A4C,Quel est ton film préféré ?,cinéma
U245,Thomas_244,18,horror,THOMAS_244-59A4C,Quel est ton film préféré ?,cinéma
U246,Georges_245,23,thriller,GEORGES_245-59A4C,Quel est ton film préféré ?,cinéma
U247,Julie_246,31,romance,JULIE_246-59A4C,Quel est ton film préféré ?,cinéma
U248,Sarah_247,15,animation,SARAH_247-59A4C,Quel est ton film préféré ?,cinéma
U249,Marc_248,45,drama,MARC_248-59A4C,Quel est ton film préféré ?,cinéma
U250,Sophie_249,62,mixed,SOPHIE_249-59A4C,Quel est ton film préféré ?,cinéma
U251,Brou_250,22,mixed,BROU_250-59A4C,Quel est ton film préféré ?,cinéma
U252,Alice_251,15,comedy,ALICE_251-59A4C,Quel est ton film préféré ?,cinéma
U253,Bob_252,35,action,BOB_252-59A4C,Quel est ton film préféré ?,cinéma
U254,Charlie_253,25,sci-fi,CHARLIE_253-59A4C,Quel est ton film préféré ?,cinéma
U255,Thomas_254,18,horror,THOMAS_254-59A4C,Quel est ton film préféré ?,cinéma
U256,Georges_255,23,thriller,GEORGES_255-59A4C,Quel est ton film préféré ?,cinéma
U257,Julie_256,31,romance,JULIE_256-59A4C,Quel est ton film préféré ?,cinéma
U258,Sarah_257,15,animation,SARAH_257-59A4C,Quel est ton film préféré ?,cinéma
U259,Marc_258,45,drama,MARC_258-59A4C,Quel est ton film préféré ?,cinéma
U260,Sophie_259,62,mixed,SOPHIE_259-59A4C,Quel est ton film préféré ?,cinéma
U261,Brou_260,22,mixed,BROU_260-59A4C,Quel est ton film préféré ?,cinéma
U262,Alice_261,15,comedy,ALICE_261-59A4C,Quel est ton film préféré ?,cinéma
U263,Bob_262,35,action,BOB_262-59A4C,Quel est ton film préféré ?,cinéma
U264,Charlie_263,25,sci-fi,CHARLIE_263-59A4C,Quel est ton film préféré ?,cinéma
U265,Thomas_264,18,horror,THOMAS_264-59A4C,Quel est ton film préféré ?,cinéma
U266,Georges_265,23,thriller,GEORGES_265-59A4C,Quel est ton film préféré ?,cinéma
U267,Julie_266,31,romance,JULIE_266-59A4C,Quel est ton film préféré ?,cinéma
U268,Sarah_267,15,animation,SARAH_267-59A4C,Quel est ton film préféré ?,cinéma
U269,Marc_268,45,drama,MARC_268-59A4C,Quel est ton film préféré ?,cinéma
U270,Sophie_269,62,mixed,SOPHIE_269-59A4C,Quel est ton film préféré ?,cinéma
U271,Brou_270,22,mixed,BROU_270-59A4C,Quel est ton film préféré ?,cinéma
U272,Alice_271,15,comedy,ALICE_271-59A4C,Quel est ton film préféré ?,cinéma
U273,Bob_272,35,action,BOB_272-59A4C,Quel est ton film préféré ?,cinéma
U274,Charlie_273,25,sci-fi,CHARLIE_273-59A4C,Quel est ton film préféré ?,cinéma
U275,Thomas_274,18,horror,THOMAS_274-59A4C,Quel est ton film préféré ?,cinéma
U276,Georges_275,23,thriller,GEORGES_275-59A4C,Quel est ton film préféré ?,cinéma
U277,Julie_276,31,romance,JULIE_276-59A4C,Quel est ton film préféré ?,cinéma
U278,Sarah_277,15,animation,SARAH_277-59A4C,Quel est ton film préféré ?,cinéma
U279,Marc_278,45,drama,MARC_278-59A4C,Quel est ton film préféré ?,cinéma
U280,Sophie_279,62,mixed,SOPHIE_279-59A4C,Quel est ton film préféré ?,cinéma
U281,Brou_280,22,mixed,BROU_280-59A4C,Quel est ton film préféré ?,cinéma
U282,Alice_281,15,comedy,ALICE_281-59A4C,Quel est ton film préféré ?,cinéma
U283,Bob_282,35,action,BOB_282-59A4C,Quel est ton film préféré ?,cinéma
U284,Charlie_283,25,sci-fi,CHARLIE_283-59A4C,Quel est ton film préféré ?,cinéma
U285,Thomas_284,18,horror,THOMAS_284-59A4C,Quel est ton film préféré ?,cinéma
U286,Georges_285,23,thriller,GEORGES_285-59A4C,Quel est ton film préféré ?,cinéma
U287,Julie_286,31,romance,JULIE_286-59A4C,Quel est ton film préféré ?,cinéma
U288,Sarah_287,15,animation,SARAH_287-59A4C,Quel est ton film préféré ?,cinéma
U289,Marc_288,45,drama,MARC_288-59A4C,Quel est ton film préféré ?,cinéma
U290,Sophie_289,62,mixed,SOPHIE_289-59A4C,Quel est ton film préféré ?,cinéma
U291,Brou_290,22,mixed,BROU_290-59A4C,Quel est ton film préféré ?,cinéma
U292,Alice_291,15,comedy,ALICE_291-59A4C,Quel est ton film préféré ?,cinéma
U293,Bob_292,35,action,BOB_292-59A4C,Quel est ton film préféré ?,cinéma
U294,Charlie_293,25,sci-fi,CHARLIE_293-59A4C,Quel est ton film préféré ?,cinéma
U295,Thomas_294,18,horror,THOMAS_294-59A4C,Quel est ton film préféré ?,cinéma
U296,Georges_295,23,thriller,GEORGES_295-59A4C,Quel est ton film préféré ?,cinéma
U297,Julie_296,31,romance,JULIE_296-59A4C,Quel est ton film préféré ?,cinéma
U298,Sarah_297,15,animation,SARAH_297-59A4C,Quel est ton film préféré ?,cinéma
U299,Marc_298,45,drama,MARC_298-59A4C,Quel est ton film préféré ?,cinéma
U300,Sophie_299,62,mixed,SOPHIE_299-59A4C,Quel est ton film préféré ?,cinéma
U301,Brou_300,22,mixed,BROU_300-59A4C,Quel est ton film préféré ?,cinéma
U302,Alice_301,15,comedy,ALICE_301-59A4C,Quel est ton film préféré ?,cinéma
U303,Bob_302,35,action,BOB_302-59A4C,Quel est ton film préféré ?,cinéma
U304,Charlie_303,25,sci-fi,CHARLIE_303-59A4C,Quel est ton film préféré ?,cinéma
U305,Thomas_304,18,horror,THOMAS_304-59A4C,Quel est ton film préféré ?,cinéma
U306,Georges_305,23,thriller,GEORGES_305-59A4C,Quel est ton film préféré ?,cinéma
U307,Julie_306,31,romance,JULIE_306-59A4C,Quel est ton film préféré ?,cinéma
U308,Sarah_307,15,animation,SARAH_307-59A4C,Quel est ton film préféré ?,cinéma
U309,Marc_308,45,drama,MARC_308-59A4C,Quel est ton film préféré ?,cinéma
U310,Sophie_309,62,mixed,SOPHIE_309-59A4C,Quel est ton film préféré ?,cinéma
U311,Brou_310,22,mixed,BROU_310-59A4C,Quel est ton film préféré ?,cinéma
U312,Alice_311,15,comedy,ALICE_311-59A4C,Quel est ton film préféré ?,cinéma
U313,Bob_312,35,action,BOB_312-59A4C,Quel est ton film préféré ?,cinéma
U314,Charlie_313,25,sci-fi,CHARLIE_313-59A4C,Quel est ton film préféré ?,cinéma
U315,Thomas_314,18,horror,THOMAS_314-59A4C,Quel est ton film préféré ?,cinéma
U316,Georges_315,23,thriller,GEORGES_315-59A4C,Quel est ton film préféré ?,cinéma
U317,Julie_316,31,romance,JULIE_316-59A4C,Quel est ton film préféré ?,cinéma
U318,Sarah_317,15,animation,SARAH_317-59A4C,Quel est ton film préféré ?,cinéma
U319,Marc_318,45,drama,MARC_318-59A4C,Quel est ton film préféré ?,cinéma
U320,Sophie_319,62,mixed,SOPHIE_319-59A4C,Quel est ton film préféré ?,cinéma
U321,Brou_320,22,mixed,BROU_320-59A4C,Quel est ton film préféré ?,cinéma
U322,Alice_321,15,comedy,ALICE_321-59A4C,Quel est ton film préféré ?,cinéma
U323,Bob_322,35,action,BOB_322-59A4C,Quel est ton film préféré ?,cinéma
U324,Charlie_323,25,sci-fi,CHARLIE_323-59A4C,Quel est ton film préféré ?,cinéma
U325,Thomas_324,18,horror,THOMAS_324-59A4C,Quel est ton film préféré ?,cinéma
U326,Georges_325,23,thriller,GEORGES_325-59A4C,Quel est ton film préféré ?,cinéma
U327,Julie_326,31,romance,JULIE_326-59A4C,Quel est ton film préféré ?,cinéma
U328,Sarah_327,15,animation,SARAH_327-59A4C,Quel est ton film préféré ?,cinéma
U329,Marc_328,45,drama,MARC_328-59A4C,Quel est ton film préféré ?,cinéma
U330,Sophie_329,62,mixed,SOPHIE_329-59A4C,Quel est ton film préféré ?,cinéma
U331,Brou_330,22,mixed,BROU_330-59A4C,Quel est ton film préféré ?,cinéma
U332,Alice_331,15,comedy,ALICE_331-59A4C,Quel est ton film préféré ?,cinéma
U333,Bob_332,35,action,BOB_332-59A4C,Quel est ton film préféré ?,cinéma
U334,Charlie_333,25,sci-fi,CHARLIE_333-59A4C,Quel est ton film préféré ?,cinéma
U335,Thomas_334,18,horror,THOMAS_334-59A4C,Quel est ton film préféré ?,cinéma
U336,Georges_335,23,thriller,GEORGES_335-59A4C,Quel est ton film préféré ?,cinéma
U337,Julie_336,31,romance,JULIE_336-59A4C,Quel est ton film préféré ?,cinéma
U338,Sarah_337,15,animation,SARAH_337-59A4C,Quel est ton film préféré ?,cinéma
U339,Marc_338,45,drama,MARC_338-59A4C,Quel est ton film préféré ?,cinéma
U340,Sophie_339,62,mixed,SOPHIE_339-59A4C,Quel est ton film préféré ?,cinéma
U341,Brou_340,22,mixed,BROU_340-59A4C,Quel est ton film préféré ?,cinéma
U342,Alice_341,15,comedy,ALICE_341-59A4C,Quel est ton film préféré ?,cinéma
U343,Bob_342,35,action,BOB_342-59A4C,Quel est ton film préféré ?,cinéma
U344,Charlie_343,25,sci-fi,CHARLIE_343-59A4C,Quel est ton film préféré ?,cinéma
U345,Thomas_344,18,horror,THOMAS_344-59A4C,Quel est ton film préféré ?,cinéma
U346,Georges_345,23,thriller,GEORGES_345-59A4C,Quel est ton film préféré ?,cinéma
U347,Julie_346,31,romance,JULIE_346-59A4C,Quel est ton film préféré ?,cinéma
U348,Sarah_347,15,animation,SARAH_347-59A4C,Quel est ton film préféré ?,cinéma
U349,Marc_348,45,drama,MARC_348-59A4C,Quel est ton film préféré ?,cinéma
U350,Sophie_349,62,mixed,SOPHIE_349-59A4C,Quel est ton film préféré ?,cinéma
U351,Brou_350,22,mixed,BROU_350-59A4C,Quel est ton film préféré ?,cinéma
U352,Alice_351,15,comedy,ALICE_351-59A4C,Quel est ton film préféré ?,cinéma
U353,Bob_352,35,action,BOB_352-59A4C,Quel est ton film préféré ?,cinéma
U354,Charlie_353,25,sci-fi,CHARLIE_353-59A4C,Quel est ton film préféré ?,cinéma
U355,Thomas_354,18,horror,THOMAS_354-59A4C,Quel est ton film préféré ?,cinéma
U356,Georges_355,23,thriller,GEORGES_355-59A4C,Quel est ton film préféré ?,cinéma
U357,Julie_356,31,romance,JULIE_356-59A4C,Quel est ton film préféré ?,cinéma
U358,Sarah_357,15,animation,SARAH_357-59A4C,Quel est ton film préféré ?,cinéma
U359,Marc_358,45,drama,MARC_358-59A4C,Quel est ton film préféré ?,cinéma
U360,Sophie_359,62,mixed,SOPHIE_359-59A4C,Quel est ton film préféré ?,cinéma
U361,Brou_360,22,mixed,BROU_360-59A4C,Quel est ton film préféré ?,cinéma
U362,Alice_361,15,comedy,ALICE_361-59A4C,Quel est ton film préféré ?,cinéma
U363,Bob_362,35,action,BOB_362-59A4C,Quel est ton film préféré ?,cinéma
U364,Charlie_363,25,sci-fi,CHARLIE_363-59A4C,Quel est ton film préféré ?,cinéma
U365,Thomas_364,18,horror,THOMAS_364-59A4C,Quel est ton film préféré ?,cinéma
U366,Georges_365,23,thriller,GEORGES_365-59A4C,Quel est ton film préféré ?,cinéma
U367,Julie_366,31,romance,JULIE_366-59A4C,Quel est ton film préféré ?,cinéma
U368,Sarah_367,15,animation,SARAH_367-59A4C,Quel est ton film préféré ?,cinéma
U369,Marc_368,45,drama,MARC_368-59A4C,Quel est ton film préféré ?,cinéma
U370,Sophie_369,62,mixed,SOPHIE_369-59A4C,Quel est ton film préféré ?,cinéma
U371,Brou_370,22,mixed,BROU_370-59A4C,Quel est ton film préféré ?,cinéma
U372,Alice_371,15,comedy,ALICE_371-59A4C,Quel est ton film préféré ?,cinéma
U373,Bob_372,35,action,BOB_372-59A4C,Quel est ton film préféré ?,cinéma
U374,Charlie_373,25,sci-fi,CHARLIE_373-59A4C,Quel est ton film préféré ?,cinéma
U375,Thomas_374,18,horror,THOMAS_374-59A4C,Quel est ton film préféré ?,cinéma
U376,Georges_375,23,thriller,GEORGES_375-59A4C,Quel est ton film préféré ?,cinéma
U377,Julie_376,31,romance,JULIE_376-59A4C,Quel est ton film préféré ?,cinéma
U378,Sarah_377,15,animation,SARAH_377-59A4C,Quel est ton film préféré ?,cinéma
U379,Marc_378,45,drama,MARC_378-59A4C,Quel est ton film préféré ?,cinéma
U380,Sophie_379,62,mixed,SOPHIE_379-59A4C,Quel est ton film préféré ?,cinéma
U381,Brou_380,22,mixed,BROU_380-59A4C,Quel est ton film préféré ?,cinéma
U382,Alice_381,15,comedy,ALICE_381-59A4C,Quel est ton film préféré ?,cinéma
U383,Bob_382,35,action,BOB_382-59A4C,Quel est ton film préféré ?,cinéma
U384,Charlie_383,25,sci-fi,CHARLIE_383-59A4C,Quel est ton film préféré ?,cinéma
U385,Thomas_384,18,horror,THOMAS_384-59A4C,Quel est ton film préféré ?,cinéma
U386,Georges_385,23,thriller,GEORGES_385-59A4C,Quel est ton film préféré ?,cinéma
U387,Julie_386,31,romance,JULIE_386-59A4C,Quel est ton film préféré ?,cinéma
U388,Sarah_387,15,animation,SARAH_387-59A4C,Quel est ton film préféré ?,cinéma
U389,Marc_388,45,drama,MARC_388-59A4C,Quel est ton film préféré ?,cinéma
U390,Sophie_389,62,mixed,SOPHIE_389-59A4C,Quel est ton film préféré ?,cinéma
U391,Brou_390,22,mixed,BROU_390-59A4C,Quel est ton film préféré ?,cinéma
U392,Alice_391,15,comedy,ALICE_391-59A4C,Quel est ton film préféré ?,cinéma
U393,Bob_392,35,action,BOB_392-59A4C,Quel est ton film préféré ?,cinéma
U394,Charlie_393,25,sci-fi,CHARLIE_393-59A4C,Quel est ton film préféré ?,cinéma
U395,Thomas_394,18,horror,THOMAS_394-59A4C,Quel est ton film préféré ?,cinéma
U396,Georges_395,23,thriller,GEORGES_395-59A4C,Quel est ton film préféré ?,cinéma
U397,Julie_396,31,romance,JULIE_396-59A4C,Quel est ton film préféré ?,cinéma
U398,Sarah_397,15,animation,SARAH_397-59A4C,Quel est ton film préféré ?,cinéma
U399,Marc_398,45,drama,MARC_398-59A4C,Quel est ton film préféré ?,cinéma
U400,Sophie_399,62,mixed,SOPHIE_399-59A4C,Quel est ton film préféré ?,cinéma
U401,Brou_400,22,mixed,BROU_400-59A4C,Quel est ton film préféré ?,cinéma
U402,Alice_401,15,comedy,ALICE_401-59A4C,Quel est ton film préféré ?,cinéma
U403,Bob_402,35,action,BOB_402-59A4C,Quel est ton film préféré ?,cinéma
U404,Charlie_403,25,sci-fi,CHARLIE_403-59A4C,Quel est ton film préféré ?,cinéma
U405,Thomas_404,18,horror,THOMAS_404-59A4C,Quel est ton film préféré ?,cinéma
U406,Georges_405,23,thriller,GEORGES_405-59A4C,Quel est ton film préféré ?,cinéma
U407,Julie_406,31,romance,JULIE_406-59A4C,Quel est ton film préféré ?,cinéma
U408,Sarah_407,15,animation,SARAH_407-59A4C,Quel est ton film préféré ?,cinéma
U409,Marc_408,45,drama,MARC_408-59A4C,Quel est ton film préféré ?,cinéma
U410,Sophie_409,62,mixed,SOPHIE_409-59A4C,Quel est ton film préféré ?,cinéma
U411,Brou_410,22,mixed,BROU_410-59A4C,Quel est ton film préféré ?,cinéma
U412,Alice_411,15,comedy,ALICE_411-59A4C,Quel est ton film préféré ?,cinéma
U413,Bob_412,35,action,BOB_412-59A4C,Quel est ton film préféré ?,cinéma
U414,Charlie_413,25,sci-fi,CHARLIE_413-59A4C,Quel est ton film préféré ?,cinéma
U415,Thomas_414,18,horror,THOMAS_414-59A4C,Quel est ton film préféré ?,cinéma
U416,Georges_415,23,thriller,GEORGES_415-59A4C,Quel est ton film préféré ?,cinéma
U417,Julie_416,31,romance,JULIE_416-59A4C,Quel est ton film préféré ?,cinéma
U418,Sarah_417,15,animation,SARAH_417-59A4C,Quel est ton film préféré ?,cinéma
U419,Marc_418,45,drama,MARC_418-59A4C,Quel est ton film préféré ?,cinéma
U420,Sophie_419,62,mixed,SOPHIE_419-59A4C,Quel est ton film préféré ?,cinéma
U421,Brou_420,22,mixed,BROU_420-59A4C,Quel est ton film préféré ?,cinéma
U422,Alice_421,15,comedy,ALICE_421-59A4C,Quel est ton film préféré ?,cinéma
U423,Bob_422,35,action,BOB_422-59A4C,Quel est ton film préféré ?,cinéma
U424,Charlie_423,25,sci-fi,CHARLIE_423-59A4C,Quel est ton film préféré ?,cinéma
U425,Thomas_424,18,horror,THOMAS_424-59A4C,Quel est ton film préféré ?,cinéma
U426,Georges_425,23,thriller,GEORGES_425-59A4C,Quel est ton film préféré ?,cinéma
U427,Julie_426,31,romance,JULIE_426-59A4C,Quel est ton film préféré ?,cinéma
U428,Sarah_427,15,animation,SARAH_427-59A4C,Quel est ton film préféré ?,cinéma
U429,Marc_428,45,drama,MARC_428-59A4C,Quel est ton film préféré ?,cinéma
U430,Sophie_429,62,mixed,SOPHIE_429-59A4C,Quel est ton film préféré ?,cinéma
U431,Brou_430,22,mixed,BROU_430-59A4C,Quel est ton film préféré ?,cinéma
U432,Alice_431,15,comedy,ALICE_431-59A4C,Quel est ton film préféré ?,cinéma
U433,Bob_432,35,action,BOB_432-59A4C,Quel est ton film préféré ?,cinéma
U434,Charlie_433,25,sci-fi,CHARLIE_433-59A4C,Quel est ton film préféré ?,cinéma
U435,Thomas_434,18,horror,THOMAS_434-59A4C,Quel est ton film préféré ?,cinéma
U436,Georges_435,23,thriller,GEORGES_435-59A4C,Quel est ton film préféré ?,cinéma
U437,Julie_436,31,romance,JULIE_436-59A4C,Quel est ton film préféré ?,cinéma
U438,Sarah_437,15,animation,SARAH_437-59A4C,Quel est ton film préféré ?,cinéma
U439,Marc_438,45,drama,MARC_438-59A4C,Quel est ton film préféré ?,cinéma
U440,Sophie_439,62,mixed,SOPHIE_439-59A4C,Quel est ton film préféré ?,cinéma
U441,Brou_440,22,mixed,BROU_440-59A4C,Quel est ton film préféré ?,cinéma
U442,Alice_441,15,comedy,ALICE_441-59A4C,Quel est ton film préféré ?,cinéma
U443,Bob_442,35,action,BOB_442-59A4C,Quel est ton film préféré ?,cinéma
U444,Charlie_443,25,sci-fi,CHARLIE_443-59A4C,Quel est ton film préféré ?,cinéma
U445,Thomas_444,18,horror,THOMAS_444-59A4C,Quel est ton film préféré ?,cinéma
U446,Georges_445,23,thriller,GEORGES_445-59A4C,Quel est ton film préféré ?,cinéma
U447,Julie_446,31,romance,JULIE_446-59A4C,Quel est ton film préféré ?,cinéma
U448,Sarah_447,15,animation,SARAH_447-59A4C,Quel est ton film préféré ?,cinéma
U449,Marc_448,45,drama,MARC_448-59A4C,Quel est ton film préféré ?,cinéma
U450,Sophie_449,62,mixed,SOPHIE_449-59A4C,Quel est ton film préféré ?,cinéma
U451,Brou_450,22,mixed,BROU_450-59A4C,Quel est ton film préféré ?,cinéma
U452,Alice_451,15,comedy,ALICE_451-59A4C,Quel est ton film préféré ?,cinéma
U453,Bob_452,35,action,BOB_452-59A4C,Quel est ton film préféré ?,cinéma
U454,Charlie_453,25,sci-fi,CHARLIE_453-59A4C,Quel est ton film préféré ?,cinéma
U455,Thomas_454,18,horror,THOMAS_454-59A4C,Quel est ton film préféré ?,cinéma
U456,Georges_455,23,thriller,GEORGES_455-59A4C,Quel est ton film préféré ?,cinéma
U457,Julie_456,31,romance,JULIE_456-59A4C,Quel est ton film préféré ?,cinéma
U458,Sarah_457,15,animation,SARAH_457-59A4C,Quel est ton film préféré ?,cinéma
U459,Marc_458,45,drama,MARC_458-59A4C,Quel est ton film préféré ?,cinéma
U460,Sophie_459,62,mixed,SOPHIE_459-59A4C,Quel est ton film préféré ?,cinéma
U461,Brou_460,22,mixed,BROU_460-59A4C,Quel est ton film préféré ?,cinéma
U462,Alice_461,15,comedy,ALICE_461-59A4C,Quel est ton film préféré ?,cinéma
U463,Bob_462,35,action,BOB_462-59A4C,Quel est ton film préféré ?,cinéma
U464,Charlie_463,25,sci-fi,CHARLIE_463-59A4C,Quel est ton film préféré ?,cinéma
U465,Thomas_464,18,horror,THOMAS_464-59A4C,Quel est ton film préféré ?,cinéma
U466,Georges_465,23,thriller,GEORGES_465-59A4C,Quel est ton film préféré ?,cinéma
U467,Julie_466,31,romance,JULIE_466-59A4C,Quel est ton film préféré ?,cinéma
U468,Sarah_467,15,animation,SARAH_467-59A4C,Quel est ton film préféré ?,cinéma
U469,Marc_468,45,drama,MARC_468-59A4C,Quel est ton film préféré ?,cinéma
U470,Sophie_469,62,mixed,SOPHIE_469-59A4C,Quel est ton film préféré ?,cinéma
U471,Brou_470,22,mixed,BROU_470-59A4C,Quel est ton film préféré ?,cinéma
U472,Alice_471,15,comedy,ALICE_471-59A4C,Quel est ton film préféré ?,cinéma
U473,Bob_472,35,action,BOB_472-59A4C,Quel est ton film préféré ?,cinéma
U474,Charlie_473,25,sci-fi,CHARLIE_473-59A4C,Quel est ton film préféré ?,cinéma
U475,Thomas_474,18,horror,THOMAS_474-59A4C,Quel est ton film préféré ?,cinéma
U476,Georges_475,23,thriller,GEORGES_475-59A4C,Quel est ton film préféré ?,cinéma
U477,Julie_476,31,romance,JULIE_476-59A4C,Quel est ton film préféré ?,cinéma
U478,Sarah_477,15,animation,SARAH_477-59A4C,Quel est ton film préféré ?,cinéma
U479,Marc_478,45,drama,MARC_478-59A4C,Quel est ton film préféré ?,cinéma
U480,Sophie_479,62,mixed,SOPHIE_479-59A4C,Quel est ton film préféré ?,cinéma
U481,Brou_480,22,mixed,BROU_480-59A4C,Quel est ton film préféré ?,cinéma
U482,Alice_481,15,comedy,ALICE_481-59A4C,Quel est ton film préféré ?,cinéma
U483,Bob_482,35,action,BOB_482-59A4C,Quel est ton film préféré ?,cinéma
U484,Charlie_483,25,sci-fi,CHARLIE_483-59A4C,Quel est ton film préféré ?,cinéma
U485,Thomas_484,18,horror,THOMAS_484-59A4C,Quel est ton film préféré ?,cinéma
U486,Georges_485,23,thriller,GEORGES_485-59A4C,Quel est ton film préféré ?,cinéma
U487,Julie_486,31,romance,JULIE_486-59A4C,Quel est ton film préféré ?,cinéma
U488,Sarah_487,15,animation,SARAH_487-59A4C,Quel est ton film préféré ?,cinéma
U489,Marc_488,45,drama,MARC_488-59A4C,Quel est ton film préféré ?,cinéma
U490,Sophie_489,62,mixed,SOPHIE_489-59A4C,Quel est ton film préféré ?,cinéma
U491,Brou_490,22,mixed,BROU_490-59A4C,Quel est ton film préféré ?,cinéma
U492,Alice_491,15,comedy,ALICE_491-59A4C,Quel est ton film préféré ?,cinéma
U493,Bob_492,35,action,BOB_492-59A4C,Quel est ton film préféré ?,cinéma
U494,Charlie_493,25,sci-fi,CHARLIE_493-59A4C,Quel est ton film préféré ?,cinéma
U495,Thomas_494,18,horror,THOMAS_494-59A4C,Quel est ton film préféré ?,cinéma
U496,Georges_495,23,thriller,GEORGES_495-59A4C,Quel est ton film préféré ?,cinéma
U497,Julie_496,31,romance,JULIE_496-59A4C,Quel est ton film préféré ?,cinéma
U498,Sarah_497,15,animation,SARAH_497-59A4C,Quel est ton film préféré ?,cinéma
U499,Marc_498,45,drama,MARC_498-59A4C,Quel est ton film préféré ?,cinéma
U500,Sophie_499,62,mixed,SOPHIE_499-59A4C,Quel est ton film préféré ?,cinéma
U501,Brou_500,22,mixed,BROU_500-59A4C,Quel est ton film préféré ?,cinéma
U502,Alice_501,15,comedy,ALICE_501-59A4C,Quel est ton film préféré ?,cinéma
U503,Bob_502,35,action,BOB_502-59A4C,Quel est ton film préféré ?,cinéma
U504,Charlie_503,25,sci-fi,CHARLIE_503-59A4C,Quel est ton film préféré ?,cinéma
U505,Thomas_504,18,horror,THOMAS_504-59A4C,Quel est ton film préféré ?,cinéma
U506,Georges_505,23,thriller,GEORGES_505-59A4C,Quel est ton film préféré ?,cinéma
U507,Julie_506,31,romance,JULIE_506-59A4C,Quel est ton film préféré ?,cinéma
U508,Sarah_507,15,animation,SARAH_507-59A4C,Quel est ton film préféré ?,cinéma
U509,Marc_508,45,drama,MARC_508-59A4C,Quel est ton film préféré ?,cinéma
U510,Sophie_509,62,mixed,SOPHIE_509-59A4C,Quel est ton film préféré ?,cinéma
U511,Brou_510,22,mixed,BROU_510-59A4C,Quel est ton film préféré ?,cinéma
U512,Alice_511,15,comedy,ALICE_511-59A4C,Quel est ton film préféré ?,cinéma
U513,Bob_512,35,action,BOB_512-59A4C,Quel est ton film préféré ?,cinéma
U514,Charlie_513,25,sci-fi,CHARLIE_513-59A4C,Quel est ton film préféré ?,cinéma
U515,Thomas_514,18,horror,THOMAS_514-59A4C,Quel est ton film préféré ?,cinéma
U516,Georges_515,23,thriller,GEORGES_515-59A4C,Quel est ton film préféré ?,cinéma
U517,Julie_516,31,romance,JULIE_516-59A4C,Quel est ton film préféré ?,cinéma
U518,Sarah_517,15,animation,SARAH_517-59A4C,Quel est ton film préféré ?,cinéma
U519,Marc_518,45,drama,MARC_518-59A4C,Quel est ton film préféré ?,cinéma
U520,Sophie_519,62,mixed,SOPHIE_519-59A4C,Quel est ton film préféré ?,cinéma
U521,Brou_520,22,mixed,BROU_520-59A4C,Quel est ton film préféré ?,cinéma
U522,Alice_521,15,comedy,ALICE_521-59A4C,Quel est ton film préféré ?,cinéma
U523,Bob_522,35,action,BOB_522-59A4C,Quel est ton film préféré ?,cinéma
U524,Charlie_523,25,sci-fi,CHARLIE_523-59A4C,Quel est ton film préféré ?,cinéma
U525,Thomas_524,18,horror,THOMAS_524-59A4C,Quel est ton film préféré ?,cinéma
U526,Georges_525,23,thriller,GEORGES_525-59A4C,Quel est ton film préféré ?,cinéma
U527,Julie_526,31,romance,JULIE_526-59A4C,Quel est ton film préféré ?,cinéma
U528,Sarah_527,15,animation,SARAH_527-59A4C,Quel est ton film préféré ?,cinéma
U529,Marc_528,45,drama,MARC_528-59A4C,Quel est ton film préféré ?,cinéma
U530,Sophie_529,62,mixed,SOPHIE_529-59A4C,Quel est ton film préféré ?,cinéma
U531,Brou_530,22,mixed,BROU_530-59A4C,Quel est ton film préféré ?,cinéma
U532,Alice_531,15,comedy,ALICE_531-59A4C,Quel est ton film préféré ?,cinéma
U533,Bob_532,35,action,BOB_532-59A4C,Quel est ton film préféré ?,cinéma
U534,Charlie_533,25,sci-fi,CHARLIE_533-59A4C,Quel est ton film préféré ?,cinéma
U535,Thomas_534,18,horror,THOMAS_534-59A4C,Quel est ton film préféré ?,cinéma
U536,Georges_535,23,thriller,GEORGES_535-59A4C,Quel est ton film préféré ?,cinéma
U537,Julie_536,31,romance,JULIE_536-59A4C,Quel est ton film préféré ?,cinéma
U538,Sarah_537,15,animation,SARAH_537-59A4C,Quel est ton film préféré ?,cinéma
U539,Marc_538,45,drama,MARC_538-59A4C,Quel est ton film préféré ?,cinéma
U540,Sophie_539,62,mixed,SOPHIE_539-59A4C,Quel est ton film préféré ?,cinéma
U541,Brou_540,22,mixed,BROU_540-59A4C,Quel est ton film préféré ?,cinéma
U542,Alice_541,15,comedy,ALICE_541-59A4C,Quel est ton film préféré ?,cinéma
U543,Bob_542,35,action,BOB_542-59A4C,Quel est ton film préféré ?,cinéma
U544,Charlie_543,25,sci-fi,CHARLIE_543-59A4C,Quel est ton film préféré ?,cinéma
U545,Thomas_544,18,horror,THOMAS_544-59A4C,Quel est ton film préféré ?,cinéma
U546,Georges_545,23,thriller,GEORGES_545-59A4C,Quel est ton film préféré ?,cinéma
U547,Julie_546,31,romance,JULIE_546-59A4C,Quel est ton film préféré ?,cinéma
U548,Sarah_547,15,animation,SARAH_547-59A4C,Quel est ton film préféré ?,cinéma
U549,Marc_548,45,drama,MARC_548-59A4C,Quel est ton film préféré ?,cinéma
U550,Sophie_549,62,mixed,SOPHIE_549-59A4C,Quel est ton film préféré ?,cinéma
