movie_id,title,genre,duration_min,avg_rating,year,pace,director,description
M002,Interstellar Original,sci-fi,169,4.7,2026,fast,Christopher Nolan,Synopsis de test généré par le pipeline de données Pandas.
M003,The Matrix Original,action,136,4.2,1999,fast,Lana Wachowski,Synopsis de test généré par le pipeline de données Pandas.
M004,Avatar Original,thriller,120,4.1,2009,slow,James Cameron,Synopsis de test généré par le pipeline de données Pandas.
M005,Gladiator Original,drama,155,4.2,2000,fast,Ridley Scott,Synopsis de test généré par le pipeline de données Pandas.
M006,The Dark Knight Original,action,152,4.9,2008,fast,Christopher Nolan,Synopsis de test généré par le pipeline de données Pandas.
M007,Toy Story Original,animation,81,4.3,1995,slow,John Lasseter,Synopsis de test généré par le pipeline de données Pandas.
M008,The Conjuring Original,horror,112,3.9,2013,fast,James Wan,Synopsis de test généré par le pipeline de données Pandas.
M009,La La Land Original,romance,128,4.2,2016,fast,Damien Chazelle,Synopsis de test généré par le pipeline de données Pandas.
M010,The Hangover Original,comedy,100,3.8,2009,slow,Todd Phillips,Synopsis de test généré par le pipeline de données Pandas.
M011,Seven Original,thriller,127,4.6,1995,fast,David Fincher,Synopsis de test généré par le pipeline de données Pandas.
M012,Spirited Away Original,animation,125,4.8,2001,fast,Hayao Miyazaki,Synopsis de test généré par le pipeline de données Pandas.
M013,Pulp Fiction Original,drama,154,4.5,1994,slow,Quentin Tarantino,Synopsis de test généré par le pipeline de données Pandas.
M014,Titanic Original,romance,194,4.0,1997,fast,James Cameron,Synopsis de test généré par le pipeline de données Pandas.
M015,Superbad Original,comedy,113,3.7,2007,fast,Greg Mottola,Synopsis de test généré par le pipeline de données Pandas.
M016,Get Out Original,horror,104,4.1,2017,slow,Jordan Peele,Synopsis de test généré par le pipeline de données Pandas.
M017,Blade Runner 2049 Original,sci-fi,164,4.4,2017,fast,Denis Villeneuve,Synopsis de test généré par le pipeline de données Pandas.
M018,Parasite Original,thriller,132,4.6,2019,fast,Bong Joon Ho,Synopsis de test généré par le pipeline de données Pandas.
M019,Inception Reloaded,sci-fi,148,4.8,2010,slow,Christopher Nolan,Synopsis de test généré par le pipeline de données Pandas.
M020,Interstellar Reloaded,sci-fi,169,4.7,2026,fast,Christopher Nolan,Synopsis de test généré par le pipeline de données Pandas.
M021,The Matrix Reloaded,action,136,4.2,1999,fast,Lana Wachowski,Synopsis de test généré par le pipeline de données Pandas.
M022,Avatar Reloaded,thriller,120,4.1,2009,slow,James Cameron,Synopsis de test généré par le pipeline de données Pandas.
M023,Gladiator Reloaded,drama,155,4.2,2000,fast,Ridley Scott,Synopsis de test généré par le pipeline de données Pandas.
M024,The Dark Knight Reloaded,action,152,4.9,2008,fast,Christopher Nolan,Synopsis de test généré par le pipeline de données Pandas.
M025,Toy Story Reloaded,animation,81,4.3,1995,slow,John Lasseter,Synopsis de test généré par le pipeline de données Pandas.
M026,The Conjuring Reloaded,horror,112,3.9,2013,fast,James Wan,Synopsis de test généré par le pipeline de données Pandas.
M027,La La Land Reloaded,romance,128,4.2,2016,fast,Damien Chazelle,Synopsis de test généré par le pipeline de données Pandas.
M028,The Hangover Reloaded,comedy,100,3.8,2009,slow,Todd Phillips,Synopsis de test généré par le pipeline de données Pandas.
M029,Seven Reloaded,thriller,127,4.6,1995,fast,David Fincher,Synopsis de test généré par le pipeline de données Pandas.
M030,Spirited Away Reloaded,animation,125,4.8,2001,fast,Hayao Miyazaki,Synopsis de test généré par le pipeline de données Pandas.
M031,Pulp Fiction Reloaded,drama,154,4.5,1994,slow,Quentin Tarantino,Synopsis de test généré par le pipeline de données Pandas.
M032,Titanic Reloaded,romance,194,4.0,1997,fast,James Cameron,Synopsis de test généré par le pipeline de données Pandas.
M033,Superbad Reloaded,comedy,113,3.7,2007,fast,Greg Mottola,Synopsis de test généré par le pipeline de données Pandas.
M034,Get Out Reloaded,horror,104,4.1,2017,slow,Jordan Peele,Synopsis de test généré par le pipeline de données Pandas.
M035,Blade Runner 2049 Reloaded,sci-fi,164,4.4,2017,fast,Denis Villeneuve,Synopsis de test généré par le pipeline de données Pandas.
M036,Parasite Reloaded,thriller,132,4.6,2019,fast,Bong Joon Ho,Synopsis de test généré par le pipeline de données Pandas.
M037,Inception Evolution,sci-fi,148,4.8,2010,slow,Christopher Nolan,Synopsis de test généré par le pipeline de données Pandas.
M038,Interstellar Evolution,sci-fi,169,4.7,2026,fast,Christopher Nolan,Synopsis de test généré par le pipeline de données Pandas.
M039,The Matrix Evolution,action,136,4.2,1999,fast,Lana Wachowski,Synopsis de test généré par le pipeline de données Pandas.
M040,Avatar Evolution,thriller,120,4.1,2009,slow,James Cameron,Synopsis de test généré par le pipeline de données Pandas.
M041,Gladiator Evolution,drama,155,4.2,2000,fast,Ridley Scott,Synopsis de test généré par le pipeline de données Pandas.
M042,The Dark Knight Evolution,action,152,4.9,2008,fast,Christopher Nolan,Synopsis de test généré par le pipeline de données Pandas.
M043,Toy Story Evolution,animation,81,4.3,1995,slow,John Lasseter,Synopsis de test généré par le pipeline de données Pandas.
M044,The Conjuring Evolution,horror,112,3.9,2013,fast,James Wan,Synopsis de test généré par le pipeline de données Pandas.
M045,La La Land Evolution,romance,128,4.2,2016,fast,Damien Chazelle,Synopsis de test généré par le pipeline de données Pandas.
M046,The Hangover Evolution,comedy,100,3.8,2009,slow,Todd Phillips,Synopsis de test généré par le pipeline de données Pandas.
M047,Seven Evolution,thriller,127,4.6,1995,fast,David Fincher,Synopsis de test généré par le pipeline de données Pandas.
M048,Spirited Away Evolution,animation,125,4.8,2001,fast,Hayao Miyazaki,Synopsis de test généré par le pipeline de données Pandas.
M049,Pulp Fiction Evolution,drama,154,4.5,1994,slow,Quentin Tarantino,Synopsis de test généré par le pipeline de données Pandas.
M050,Titanic Evolution,romance,194,4.0,1997,fast,James Cameron,Synopsis de test généré par le pipeline de données Pandas.
M051,Superbad Evolution,comedy,113,3.7,2007,fast,Greg Mottola,Synopsis de test généré par le pipeline de données Pandas.
M052,Get Out Evolution,horror,104,4.1,2017,slow,Jordan Peele,Synopsis de test généré par le pipeline de données Pandas.
M053,Blade Runner 2049 Evolution,sci-fi,164,4.4,2017,fast,Denis Villeneuve,Synopsis de test généré par le pipeline de données Pandas.
M054,Parasite Evolution,thriller,132,4.6,2019,fast,Bong Joon Ho,Synopsis de test généré par le pipeline de données Pandas.
M055,Inception Legacy,sci-fi,148,4.8,2010,slow,Christopher Nolan,Synopsis de test généré par le pipeline de données Pandas.
M056,Interstellar Legacy,sci-fi,169,4.7,2026,fast,Christopher Nolan,Synopsis de test généré par le pipeline de données Pandas.
M057,The Matrix Legacy,action,136,4.2,1999,fast,Lana Wachowski,Synopsis de test généré par le pipeline de données Pandas.
M058,Avatar Legacy,thriller,120,4.1,2009,slow,James Cameron,Synopsis de test généré par le pipeline de données Pandas.
M059,Gladiator Legacy,drama,155,4.2,2000,fast,Ridley Scott,Synopsis de test généré par le pipeline de données Pandas.
M060,The Dark Knight Legacy,action,152,4.9,2008,fast,Christopher Nolan,Synopsis de test généré par le pipeline de données Pandas.
M061,Toy Story Legacy,animation,81,4.3,1995,slow,John Lasseter,Synopsis de test généré par le pipeline de données Pandas.
M062,The Conjuring Legacy,horror,112,3.9,2013,fast,James Wan,Synopsis de test généré par le pipeline de données Pandas.
M063,La La Land Legacy,romance,128,4.2,2016,fast,Damien Chazelle,Synopsis de test généré par le pipeline de données Pandas.
M064,The Hangover Legacy,comedy,100,3.8,2009,slow,Todd Phillips,Synopsis de test généré par le pipeline de données Pandas.
M065,Seven Legacy,thriller,127,4.6,1995,fast,David Fincher,Synopsis de test généré par le pipeline de données Pandas.
M066,Spirited Away Legacy,animation,125,4.8,2001,fast,Hayao Miyazaki,Synopsis de test généré par le pipeline de données Pandas.
M067,Pulp Fiction Legacy,drama,154,4.5,1994,slow,Quentin Tarantino,Synopsis de test généré par le pipeline de données Pandas.
M068,Titanic Legacy,romance,194,4.0,1997,fast,James Cameron,Synopsis de test généré par le pipeline de données Pandas.
M069,Superbad Legacy,comedy,113,3.7,2007,fast,Greg Mottola,Synopsis de test généré par le pipeline de données Pandas.
M070,Get Out Legacy,horror,104,4.1,2017,slow,Jordan Peele,Synopsis de test généré par le pipeline de données Pandas.
M071,Blade Runner 2049 Legacy,sci-fi,164,4.4,2017,fast,Denis Villeneuve,Synopsis de test généré par le pipeline de données Pandas.
M072,Parasite Legacy,thriller,132,4.6,2019,fast,Bong Joon Ho,Synopsis de test généré par le pipeline de données Pandas.
M073,Inception Reborn,sci-fi,148,4.8,2010,slow,Christopher Nolan,Synopsis de test généré par le pipeline de données Pandas.
M074,Interstellar Reborn,sci-fi,169,4.7,2026,fast,Christopher Nolan,Synopsis de test généré par le pipeline de données Pandas.
M075,The Matrix Reborn,action,136,4.2,1999,fast,Lana Wachowski,Synopsis de test généré par le pipeline de données Pandas.
M076,Avatar Reborn,thriller,120,4.1,2009,slow,James Cameron,Synopsis de test généré par le pipeline de données Pandas.
M077,Gladiator Reborn,drama,155,4.2,2000,fast,Ridley Scott,Synopsis de test généré par le pipeline de données Pandas.
M078,The Dark Knight Reborn,action,152,4.9,2008,fast,Christopher Nolan,Synopsis de test généré par le pipeline de données Pandas.
M079,Toy Story Reborn,animation,81,4.3,1995,slow,John Lasseter,Synopsis de test généré par le pipeline de données Pandas.
M080,The Conjuring Reborn,horror,112,3.9,2013,fast,James Wan,Synopsis de test généré par le pipeline de données Pandas.
M082,The Hangover Reborn,comedy,100,3.8,2009,slow,Todd Phillips,Synopsis de test généré par le pipeline de données Pandas.
M083,Seven Reborn,thriller,127,4.6,1995,fast,David Fincher,Synopsis de test généré par le pipeline de données Pandas.
M084,Spirited Away Reborn,animation,125,4.8,2001,fast,Hayao Miyazaki,Synopsis de test généré par le pipeline de données Pandas.
M085,Pulp Fiction Reborn,drama,154,4.5,1994,slow,Quentin Tarantino,Synopsis de test généré par le pipeline de données Pandas.
M086,Titanic Reborn,romance,194,4.0,1997,fast,James Cameron,Synopsis de test généré par le pipeline de données Pandas.
M087,Superbad Reborn,comedy,113,3.7,2007,fast,Greg Mottola,Synopsis de test généré par le pipeline de données Pandas.
M088,Get Out Reborn,horror,104,4.1,2017,slow,Jordan Peele,Synopsis de test généré par le pipeline de données Pandas.
M089,Blade Runner 2049 Reborn,sci-fi,164,4.4,2017,fast,Denis Villeneuve,Synopsis de test généré par le pipeline de données Pandas.
M090,Parasite Reborn,thriller,132,4.6,2019,fast,Bong Joon Ho,Synopsis de test généré par le pipeline de données Pandas.
M091,Inception The Sequel,sci-fi,148,4.8,2010,slow,Christopher Nolan,Synopsis de test généré par le pipeline de données Pandas.
M092,Interstellar The Sequel,sci-fi,169,4.7,2026,fast,Christopher Nolan,Synopsis de test généré par le pipeline de données Pandas.
M093,The Matrix The Sequel,action,136,4.2,1999,fast,Lana Wachowski,Synopsis de test généré par le pipeline de données Pandas.
M094,Avatar The Sequel,thriller,120,4.1,2009,slow,James Cameron,Synopsis de test généré par le pipeline de données Pandas.
M095,Gladiator The Sequel,drama,155,4.2,2000,fast,Ridley Scott,Synopsis de test généré par le pipeline de données Pandas.
M096,The Dark Knight The Sequel,action,152,4.9,2008,fast,Christopher Nolan,Synopsis de test généré par le pipeline de données Pandas.
M097,Toy Story The Sequel,animation,81,4.3,1995,slow,John Lasseter,Synopsis de test généré par le pipeline de données Pandas.
M098,The Conjuring The Sequel,horror,112,3.9,2013,fast,James Wan,Synopsis de test généré par le pipeline de données Pandas.
M099,La La Land The Sequel,romance,128,4.2,2016,fast,Damien Chazelle,Synopsis de test généré par le pipeline de données Pandas.
M100,The Hangover The Sequel,comedy,100,3.8,2009,slow,Todd Phillips,Synopsis de test généré par le pipeline de données Pandas.
M101,Seven The Sequel,thriller,127,4.6,1995,fast,David Fincher,Synopsis de test généré par le pipeline de données Pandas.
M102,Spirited Away The Sequel,animation,125,4.8,2001,fast,Hayao Miyazaki,Synopsis de test généré par le pipeline de données Pandas.
M103,Pulp Fiction The Sequel,drama,154,4.5,1994,slow,Quentin Tarantino,Synopsis de test généré par le pipeline de données Pandas.
M104,Titanic The Sequel,romance,194,4.0,1997,fast,James Cameron,Synopsis de test généré par le pipeline de données Pandas.
M105,Superbad The Sequel,comedy,113,3.7,2007,fast,Greg Mottola,Synopsis de test généré par le pipeline de données Pandas.
M106,Get Out The Sequel,horror,104,4.1,2017,slow,Jordan Peele,Synopsis de test généré par le pipeline de données Pandas.
M107,Blade Runner 2049 The Sequel,sci-fi,164,4.4,2017,fast,Denis Villeneuve,Synopsis de test généré par le pipeline de données Pandas.
M108,Parasite The Sequel,thriller,132,4.6,2019,fast,Bong Joon Ho,Synopsis de test généré par le pipeline de données Pandas.
M109,Inception Chapter II,sci-fi,148,4.8,2010,slow,Christopher Nolan,Synopsis de test généré par le pipeline de données Pandas.
M110,Interstellar Chapter II,sci-fi,169,4.7,2026,fast,Christopher Nolan,Synopsis de test généré par le pipeline de données Pandas.
M111,The Matrix Chapter II,action,136,4.2,1999,fast,Lana Wachowski,Synopsis de test généré par le pipeline de données Pandas.
M112,Avatar Chapter II,thriller,120,4.1,2009,slow,James Cameron,Synopsis de test généré par le pipeline de données Pandas.
M113,Gladiator Chapter II,drama,155,4.2,2000,fast,Ridley Scott,Synopsis de test généré par le pipeline de données Pandas.
M114,The Dark Knight Chapter II,action,152,4.9,2008,fast,Christopher Nolan,Synopsis de test généré par le pipeline de données Pandas.
M115,Toy Story Chapter II,animation,81,4.3,1995,slow,John Lasseter,Synopsis de test généré par le pipeline de données Pandas.
M116,The Conjuring Chapter II,horror,112,3.9,2013,fast,James Wan,Synopsis de test généré par le pipeline de données Pandas.
M117,La La Land Chapter II,romance,128,4.2,2016,fast,Damien Chazelle,Synopsis de test généré par le pipeline de données Pandas.
M118,The Hangover Chapter II,comedy,100,3.8,2009,slow,Todd Phillips,Synopsis de test généré par le pipeline de données Pandas.
M119,Seven Chapter II,thriller,127,4.6,1995,fast,David Fincher,Synopsis de test généré par le pipeline de données Pandas.
M120,Spirited Away Chapter II,animation,125,4.8,2001,fast,Hayao Miyazaki,Synopsis de test généré par le pipeline de données Pandas.
M121,Pulp Fiction Chapter II,drama,154,4.5,1994,slow,Quentin Tarantino,Synopsis de test généré par le pipeline de données Pandas.
M122,Titanic Chapter II,romance,194,4.0,1997,fast,James Cameron,Synopsis de test généré par le pipeline de données Pandas.
M123,Superbad Chapter II,comedy,113,3.7,2007,fast,Greg Mottola,Synopsis de test généré par le pipeline de données Pandas.
M124,Get Out Chapter II,horror,104,4.1,2017,slow,Jordan Peele,Synopsis de test généré par le pipeline de données Pandas.
M125,Blade Runner 2049 Chapter II,sci-fi,164,4.4,2017,fast,Denis Villeneuve,Synopsis de test généré par le pipeline de données Pandas.
M126,Parasite Chapter II,thriller,132,4.6,2019,fast,Bong Joon Ho,Synopsis de test généré par le pipeline de données Pandas.
M127,Inception Trilogy,sci-fi,148,4.8,2010,slow,Christopher Nolan,Synopsis de test généré par le pipeline de données Pandas.
M128,Interstellar Trilogy,sci-fi,169,4.7,2026,fast,Christopher Nolan,Synopsis de test généré par le pipeline de données Pandas.
M129,The Matrix Trilogy,action,136,4.2,1999,fast,Lana Wachowski,Synopsis de test généré par le pipeline de données Pandas.
M130,Avatar Trilogy,thriller,120,4.1,2009,slow,James Cameron,Synopsis de test généré par le pipeline de données Pandas.
M131,Gladiator Trilogy,drama,155,4.2,2000,fast,Ridley Scott,Synopsis de test généré par le pipeline de données Pandas.
M132,The Dark Knight Trilogy,action,152,4.9,2008,fast,Christopher Nolan,Synopsis de test généré par le pipeline de données Pandas.
M133,Toy Story Trilogy,animation,81,4.3,1995,slow,John Lasseter,Synopsis de test généré par le pipeline de données Pandas.
M134,The Conjuring Trilogy,horror,112,3.9,2013,fast,James Wan,Synopsis de test généré par le pipeline de données Pandas.
M135,La La Land Trilogy,romance,128,4.2,2016,fast,Damien Chazelle,Synopsis de test généré par le pipeline de données Pandas.
M136,The Hangover Trilogy,comedy,100,3.8,2009,slow,Todd Phillips,Synopsis de test généré par le pipeline de données Pandas.
M137,Seven Trilogy,thriller,127,4.6,1995,fast,David Fincher,Synopsis de test généré par le pipeline de données Pandas.
M138,Spirited Away Trilogy,animation,125,4.8,2001,fast,Hayao Miyazaki,Synopsis de test généré par le pipeline de données Pandas.
M139,Pulp Fiction Trilogy,drama,154,4.5,1994,slow,Quentin Tarantino,Synopsis de test généré par le pipeline de données Pandas.
M140,Titanic Trilogy,romance,194,4.0,1997,fast,James Cameron,Synopsis de test généré par le pipeline de données Pandas.
M141,Superbad Trilogy,comedy,113,3.7,2007,fast,Greg Mottola,Synopsis de test généré par le pipeline de données Pandas.
M142,Get Out Trilogy,horror,104,4.1,2017,slow,Jordan Peele,Synopsis de test généré par le pipeline de données Pandas.
M143,Blade Runner 2049 Trilogy,sci-fi,164,4.4,2017,fast,Denis Villeneuve,Synopsis de test généré par le pipeline de données Pandas.
M144,Parasite Trilogy,thriller,132,4.6,2019,fast,Bong Joon Ho,Synopsis de test généré par le pipeline de données Pandas.
M145,Inception Saga,sci-fi,148,4.8,2010,slow,Christopher Nolan,Synopsis de test généré par le pipeline de données Pandas.
M146,Interstellar Saga,sci-fi,169,4.7,2026,fast,Christopher Nolan,Synopsis de test généré par le pipeline de données Pandas.
M147,The Matrix Saga,action,136,4.2,1999,fast,Lana Wachowski,Synopsis de test généré par le pipeline de données Pandas.
M148,Avatar Saga,thriller,120,4.1,2009,slow,James Cameron,Synopsis de test généré par le pipeline de données Pandas.
M149,Gladiator Saga,drama,155,4.2,2000,fast,Ridley Scott,Synopsis de test généré par le pipeline de données Pandas.
M150,The Dark Knight Saga,action,152,4.9,2008,fast,Christopher Nolan,Synopsis de test généré par le pipeline de données Pandas.
M151,Toy Story Saga,animation,81,4.3,1995,slow,John Lasseter,Synopsis de test généré par le pipeline de données Pandas.
M152,The Conjuring Saga,horror,112,3.9,2013,fast,James Wan,Synopsis de test généré par le pipeline de données Pandas.
M153,La La Land Saga,romance,128,4.2,2016,fast,Damien Chazelle,Synopsis de test généré par le pipeline de données Pandas.
M154,The Hangover Saga,comedy,100,3.8,2009,slow,Todd Phillips,Synopsis de test généré par le pipeline de données Pandas.
M155,Seven Saga,thriller,127,4.6,1995,fast,David Fincher,Synopsis de test généré par le pipeline de données Pandas.
M156,Spirited Away Saga,animation,125,4.8,2001,fast,Hayao Miyazaki,Synopsis de test généré par le pipeline de données Pandas.
M157,Pulp Fiction Saga,drama,154,4.5,1994,slow,Quentin Tarantino,Synopsis de test généré par le pipeline de données Pandas.
M158,Titanic Saga,romance,194,4.0,1997,fast,James Cameron,Synopsis de test généré par le pipeline de données Pandas.
M159,Superbad Saga,comedy,113,3.7,2007,fast,Greg Mottola,Synopsis de test généré par le pipeline de données Pandas.
M160,Get Out Saga,horror,104,4.1,2017,slow,Jordan Peele,Synopsis de test généré par le pipeline de données Pandas.
M162,Parasite Saga,thriller,132,4.6,2019,fast,Bong Joon Ho,Synopsis de test généré par le pipeline de données Pandas.
M163,Inception Origins,sci-fi,148,4.8,2010,slow,Christopher Nolan,Synopsis de test généré par le pipeline de données Pandas.
M164,Interstellar Origins,sci-fi,169,4.7,2026,fast,Christopher Nolan,Synopsis de test généré par le pipeline de données Pandas.
M165,The Matrix Origins,action,136,4.2,1999,fast,Lana Wachowski,Synopsis de test généré par le pipeline de données Pandas.
M166,Avatar Origins,thriller,120,4.1,2009,slow,James Cameron,Synopsis de test généré par le pipeline de données Pandas.
M167,Gladiator Origins,drama,155,4.2,2000,fast,Ridley Scott,Synopsis de test généré par le pipeline de données Pandas.
M168,The Dark Knight Origins,action,152,4.9,2008,fast,Christopher Nolan,Synopsis de test généré par le pipeline de données Pandas.
M169,Toy Story Origins,animation,81,4.3,1995,slow,John Lasseter,Synopsis de test généré par le pipeline de données Pandas.
M170,The Conjuring Origins,horror,112,3.9,2013,fast,James Wan,Synopsis de test généré par le pipeline de données Pandas.
M171,La La Land Origins,romance,128,4.2,2016,fast,Damien Chazelle,Synopsis de test généré par le pipeline de données Pandas.
M172,The Hangover Origins,comedy,100,3.8,2009,slow,Todd Phillips,Synopsis de test généré par le pipeline de données Pandas.
M173,Seven Origins,thriller,127,4.6,1995,fast,David Fincher,Synopsis de test généré par le pipeline de données Pandas.
M174,Spirited Away Origins,animation,125,4.8,2001,fast,Hayao Miyazaki,Synopsis de test généré par le pipeline de données Pandas.
M175,Pulp Fiction Origins,drama,154,4.5,1994,slow,Quentin Tarantino,Synopsis de test généré par le pipeline de données Pandas.
M176,Titanic Origins,romance,194,4.0,1997,fast,James Cameron,Synopsis de test généré par le pipeline de données Pandas.
M177,Superbad Origins,comedy,113,3.7,2007,fast,Greg Mottola,Synopsis de test généré par le pipeline de données Pandas.
M178,Get Out Origins,horror,104,4.1,2017,slow,Jordan Peele,Synopsis de test généré par le pipeline de données Pandas.
M179,Blade Runner 2049 Origins,sci-fi,164,4.4,2017,fast,Denis Villeneuve,Synopsis de test généré par le pipeline de données Pandas.
M180,Parasite Origins,thriller,132,4.6,2019,fast,Bong Joon Ho,Synopsis de test généré par le pipeline de données Pandas.
M181,Inception Uncut,sci-fi,148,4.8,2010,slow,Christopher Nolan,Synopsis de test généré par le pipeline de données Pandas.
M182,Interstellar Uncut,sci-fi,169,4.7,2026,fast,Christopher Nolan,Synopsis de test généré par le pipeline de données Pandas.
M183,The Matrix Uncut,action,136,4.2,1999,fast,Lana Wachowski,Synopsis de test généré par le pipeline de données Pandas.
M184,Avatar Uncut,thriller,120,4.1,2009,slow,James Cameron,Synopsis de test généré par le pipeline de données Pandas.
M185,Gladiator Uncut,drama,155,4.2,2000,fast,Ridley Scott,Synopsis de test généré par le pipeline de données Pandas.
M186,The Dark Knight Uncut,action,152,4.9,2008,fast,Christopher Nolan,Synopsis de test généré par le pipeline de données Pandas.
M187,Toy Story Uncut,animation,81,4.3,1995,slow,John Lasseter,Synopsis de test généré par le pipeline de données Pandas.
M188,The Conjuring Uncut,horror,112,3.9,2013,fast,James Wan,Synopsis de test généré par le pipeline de données Pandas.
M189,La La Land Uncut,romance,128,4.2,2016,fast,Damien Chazelle,Synopsis de test généré par le pipeline de données Pandas.
M190,The Hangover Uncut,comedy,100,3.8,2009,slow,Todd Phillips,Synopsis de test généré par le pipeline de données Pandas.
M191,Seven Uncut,thriller,127,4.6,1995,fast,David Fincher,Synopsis de test généré par le pipeline de données Pandas.
M192,Spirited Away Uncut,animation,125,4.8,2001,fast,Hayao Miyazaki,Synopsis de test généré par le pipeline de données Pandas.
M193,Pulp Fiction Uncut,drama,154,4.5,1994,slow,Quentin Tarantino,Synopsis de test généré par le pipeline de données Pandas.
M194,Titanic Uncut,romance,194,4.0,1997,fast,James Cameron,Synopsis de test généré par le pipeline de données Pandas.
M195,Superbad Uncut,comedy,113,3.7,2007,fast,Greg Mottola,Synopsis de test généré par le pipeline de données Pandas.
M196,Get Out Uncut,horror,104,4.1,2017,slow,Jordan Peele,Synopsis de test généré par le pipeline de données Pandas.
M197,Blade Runner 2049 Uncut,sci-fi,164,4.4,2017,fast,Denis Villeneuve,Synopsis de test généré par le pipeline de données Pandas.
M198,Parasite Uncut,thriller,132,4.6,2019,fast,Bong Joon Ho,Synopsis de test généré par le pipeline de données Pandas.
M199,Inception Remastered,sci-fi,148,4.8,2010,slow,Christopher Nolan,Synopsis de test généré par le pipeline de données Pandas.
M200,Interstellar Remastered,sci-fi,169,4.7,2026,fast,Christopher Nolan,Synopsis de test généré par le pipeline de données Pandas.
M201,The Matrix Remastered,action,136,4.2,1999,fast,Lana Wachowski,Synopsis de test généré par le pipeline de données Pandas.
M202,Avatar Remastered,thriller,120,4.1,2009,slow,James Cameron,Synopsis de test généré par le pipeline de données Pandas.
M203,Gladiator Remastered,drama,155,4.2,2000,fast,Ridley Scott,Synopsis de test généré par le pipeline de données Pandas.
M204,The Dark Knight Remastered,action,152,4.9,2008,fast,Christopher Nolan,Synopsis de test généré par le pipeline de données Pandas.
M205,Toy Story Remastered,animation,81,4.3,1995,slow,John Lasseter,Synopsis de test généré par le pipeline de données Pandas.
M206,The Conjuring Remastered,horror,112,3.9,2013,fast,James Wan,Synopsis de test généré par le pipeline de données Pandas.
M207,La La Land Remastered,romance,128,4.2,2016,fast,Damien Chazelle,Synopsis de test généré par le pipeline de données Pandas.
M208,The Hangover Remastered,comedy,100,3.8,2009,slow,Todd Phillips,Synopsis de test généré par le pipeline de données Pandas.
M209,Seven Remastered,thriller,127,4.6,1995,fast,David Fincher,Synopsis de test généré par le pipeline de données Pandas.
M210,Spirited Away Remastered,animation,125,4.8,2001,fast,Hayao Miyazaki,Synopsis de test généré par le pipeline de données Pandas.
M211,Pulp Fiction Remastered,drama,154,4.5,1994,slow,Quentin Tarantino,Synopsis de test généré par le pipeline de données Pandas.
M212,Titanic Remastered,romance,194,4.0,1997,fast,James Cameron,Synopsis de test généré par le pipeline de données Pandas.
M213,Superbad Remastered,comedy,113,3.7,2007,fast,Greg Mottola,Synopsis de test généré par le pipeline de données Pandas.
M214,Get Out Remastered,horror,104,4.1,2017,slow,Jordan Peele,Synopsis de test généré par le pipeline de données Pandas.
M215,Blade Runner 2049 Remastered,sci-fi,164,4.4,2017,fast,Denis Villeneuve,Synopsis de test généré par le pipeline de données Pandas.
M216,Parasite Remastered,thriller,132,4.6,2019,fast,Bong Joon Ho,Synopsis de test généré par le pipeline de données Pandas.
M217,Inception Part I,sci-fi,148,4.8,2010,slow,Christopher Nolan,Synopsis de test généré par le pipeline de données Pandas.
M218,Interstellar Part I,sci-fi,169,4.7,2026,fast,Christopher Nolan,Synopsis de test généré par le pipeline de données Pandas.
M219,The Matrix Part I,action,136,4.2,1999,fast,Lana Wachowski,Synopsis de test généré par le pipeline de données Pandas.
M220,Avatar Part I,thriller,120,4.1,2009,slow,James Cameron,Synopsis de test généré par le pipeline de données Pandas.
M221,Gladiator Part I,drama,155,4.2,2000,fast,Ridley Scott,Synopsis de test généré par le pipeline de données Pandas.
M222,The Dark Knight Part I,action,152,4.9,2008,fast,Christopher Nolan,Synopsis de test généré par le pipeline de données Pandas.
M223,Toy Story Part I,animation,81,4.3,1995,slow,John Lasseter,Synopsis de test généré par le pipeline de données Pandas.
M224,The Conjuring Part I,horror,112,3.9,2013,fast,James Wan,Synopsis de test généré par le pipeline de données Pandas.
M225,La La Land Part I,romance,128,4.2,2016,fast,Damien Chazelle,Synopsis de test généré par le pipeline de données Pandas.
M226,The Hangover Part I,comedy,100,3.8,2009,slow,Todd Phillips,Synopsis de test généré par le pipeline de données Pandas.
M227,Seven Part I,thriller,127,4.6,1995,fast,David Fincher,Synopsis de test généré par le pipeline de données Pandas.
M228,Spirited Away Part I,animation,125,4.8,2001,fast,Hayao Miyazaki,Synopsis de test généré par le pipeline de données Pandas.
M229,Pulp Fiction Part I,drama,154,4.5,1994,slow,Quentin Tarantino,Synopsis de test généré par le pipeline de données Pandas.
M230,Titanic Part I,romance,194,4.0,1997,fast,James Cameron,Synopsis de test généré par le pipeline de données Pandas.
M231,Superbad Part I,comedy,113,3.7,2007,fast,Greg Mottola,Synopsis de test généré par le pipeline de données Pandas.
M232,Get Out Part I,horror,104,4.1,2017,slow,Jordan Peele,Synopsis de test généré par le pipeline de données Pandas.
M233,Blade Runner 2049 Part I,sci-fi,164,4.4,2017,fast,Denis Villeneuve,Synopsis de test généré par le pipeline de données Pandas.
M234,Parasite Part I,thriller,132,4.6,2019,fast,Bong Joon Ho,Synopsis de test généré par le pipeline de données Pandas.
M235,Inception Part II,sci-fi,148,4.8,2010,slow,Christopher Nolan,Synopsis de test généré par le pipeline de données Pandas.
M236,Interstellar Part II,sci-fi,169,4.7,2026,fast,Christopher Nolan,Synopsis de test généré par le pipeline de données Pandas.
M237,The Matrix Part II,action,136,4.2,1999,fast,Lana Wachowski,Synopsis de test généré par le pipeline de données Pandas.
M238,Avatar Part II,thriller,120,4.1,2009,slow,James Cameron,Synopsis de test généré par le pipeline de données Pandas.
M239,Gladiator Part II,drama,155,4.2,2000,fast,Ridley Scott,Synopsis de test généré par le pipeline de données Pandas.
M240,The Dark Knight Part II,action,152,4.9,2008,fast,Christopher Nolan,Synopsis de test généré par le pipeline de données Pandas.
M242,The Conjuring Part II,horror,112,3.9,2013,fast,James Wan,Synopsis de test généré par le pipeline de données Pandas.
M243,La La Land Part II,romance,128,4.2,2016,fast,Damien Chazelle,Synopsis de test généré par le pipeline de données Pandas.
M244,The Hangover Part II,comedy,100,3.8,2009,slow,Todd Phillips,Synopsis de test généré par le pipeline de données Pandas.
M245,Seven Part II,thriller,127,4.6,1995,fast,David Fincher,Synopsis de test généré par le pipeline de données Pandas.
M246,Spirited Away Part II,animation,125,4.8,2001,fast,Hayao Miyazaki,Synopsis de test généré par le pipeline de données Pandas.
M247,Pulp Fiction Part II,drama,154,4.5,1994,slow,Quentin Tarantino,Synopsis de test généré par le pipeline de données Pandas.
M248,Titanic Part II,romance,194,4.0,1997,fast,James Cameron,Synopsis de test généré par le pipeline de données Pandas.
M249,Superbad Part II,comedy,113,3.7,2007,fast,Greg Mottola,Synopsis de test généré par le pipeline de données Pandas.
M250,Get Out Part II,horror,104,4.1,2017,slow,Jordan Peele,Synopsis de test généré par le pipeline de données Pandas.
M251,Blade Runner 2049 Part II,sci-fi,164,4.4,2017,fast,Denis Villeneuve,Synopsis de test généré par le pipeline de données Pandas.
M252,Parasite Part II,thriller,132,4.6,2019,fast,Bong Joon Ho,Synopsis de test généré par le pipeline de données Pandas.
M253,Inception Part III,sci-fi,148,4.8,2010,slow,Christopher Nolan,Synopsis de test généré par le pipeline de données Pandas.
M254,Interstellar Part III,sci-fi,169,4.7,2026,fast,Christopher Nolan,Synopsis de test généré par le pipeline de données Pandas.
M255,The Matrix Part III,action,136,4.2,1999,fast,Lana Wachowski,Synopsis de test généré par le pipeline de données Pandas.
M256,Avatar Part III,thriller,120,4.1,2009,slow,James Cameron,Synopsis de test généré par le pipeline de données Pandas.
M257,Gladiator Part III,drama,155,4.2,2000,fast,Ridley Scott,Synopsis de test généré par le pipeline de données Pandas.
M258,The Dark Knight Part III,action,152,4.9,2008,fast,Christopher Nolan,Synopsis de test généré par le pipeline de données Pandas.
M259,Toy Story Part III,animation,81,4.3,1995,slow,John Lasseter,Synopsis de test généré par le pipeline de données Pandas.
M260,The Conjuring Part III,horror,112,3.9,2013,fast,James Wan,Synopsis de test généré par le pipeline de données Pandas.
M261,La La Land Part III,romance,128,4.2,2016,fast,Damien Chazelle,Synopsis de test généré par le pipeline de données Pandas.
M262,The Hangover Part III,comedy,100,3.8,2009,slow,Todd Phillips,Synopsis de test généré par le pipeline de données Pandas.
M263,Seven Part III,thriller,127,4.6,1995,fast,David Fincher,Synopsis de test généré par le pipeline de données Pandas.
M264,Spirited Away Part III,animation,125,4.8,2001,fast,Hayao Miyazaki,Synopsis de test généré par le pipeline de données Pandas.
M265,Pulp Fiction Part III,drama,154,4.5,1994,slow,Quentin Tarantino,Synopsis de test généré par le pipeline de données Pandas.
M266,Titanic Part III,romance,194,4.0,1997,fast,James Cameron,Synopsis de test généré par le pipeline de données Pandas.
M267,Superbad Part III,comedy,113,3.7,2007,fast,Greg Mottola,Synopsis de test généré par le pipeline de données Pandas.
M268,Get Out Part III,horror,104,4.1,2017,slow,Jordan Peele,Synopsis de test généré par le pipeline de données Pandas.
M269,Blade Runner 2049 Part III,sci-fi,164,4.4,2017,fast,Denis Villeneuve,Synopsis de test généré par le pipeline de données Pandas.
M270,Parasite Part III,thriller,132,4.6,2019,fast,Bong Joon Ho,Synopsis de test généré par le pipeline de données Pandas.
M271,Inception The Return,sci-fi,148,4.8,2010,slow,Christopher Nolan,Synopsis de test généré par le pipeline de données Pandas.
M272,Interstellar The Return,sci-fi,169,4.7,2026,fast,Christopher Nolan,Synopsis de test généré par le pipeline de données Pandas.
M273,The Matrix The Return,action,136,4.2,1999,fast,Lana Wachowski,Synopsis de test généré par le pipeline de données Pandas.
M274,Avatar The Return,thriller,120,4.1,2009,slow,James Cameron,Synopsis de test généré par le pipeline de données Pandas.
M275,Gladiator The Return,drama,155,4.2,2000,fast,Ridley Scott,Synopsis de test généré par le pipeline de données Pandas.
M276,The Dark Knight The Return,action,152,4.9,2008,fast,Christopher Nolan,Synopsis de test généré par le pipeline de données Pandas.
M277,Toy Story The Return,animation,81,4.3,1995,slow,John Lasseter,Synopsis de test généré par le pipeline de données Pandas.
M278,The Conjuring The Return,horror,112,3.9,2013,fast,James Wan,Synopsis de test généré par le pipeline de données Pandas.
M279,La La Land The Return,romance,128,4.2,2016,fast,Damien Chazelle,Synopsis de test généré par le pipeline de données Pandas.
M280,The Hangover The Return,comedy,100,3.8,2009,slow,Todd Phillips,Synopsis de test généré par le pipeline de données Pandas.
M281,Seven The Return,thriller,127,4.6,1995,fast,David Fincher,Synopsis de test généré par le pipeline de données Pandas.
M282,Spirited Away The Return,animation,125,4.8,2001,fast,Hayao Miyazaki,Synopsis de test généré par le pipeline de données Pandas.
M283,Pulp Fiction The Return,drama,154,4.5,1994,slow,Quentin Tarantino,Synopsis de test généré par le pipeline de données Pandas.
M284,Titanic The Return,romance,194,4.0,1997,fast,James Cameron,Synopsis de test généré par le pipeline de données Pandas.
M285,Superbad The Return,comedy,113,3.7,2007,fast,Greg Mottola,Synopsis de test généré par le pipeline de données Pandas.
M286,Get Out The Return,horror,104,4.1,2017,slow,Jordan Peele,Synopsis de test généré par le pipeline de données Pandas.
M287,Blade Runner 2049 The Return,sci-fi,164,4.4,2017,fast,Denis Villeneuve,Synopsis de test généré par le pipeline de données Pandas.
M288,Parasite The Return,thriller,132,4.6,2019,fast,Bong Joon Ho,Synopsis de test généré par le pipeline de données Pandas.
M289,Inception Forever,sci-fi,148,4.8,2010,slow,Christopher Nolan,Synopsis de test généré par le pipeline de données Pandas.
M290,Interstellar Forever,sci-fi,169,4.7,2026,fast,Christopher Nolan,Synopsis de test généré par le pipeline de données Pandas.
M291,The Matrix Forever,action,136,4.2,1999,fast,Lana Wachowski,Synopsis de test généré par le pipeline de données Pandas.
M292,Avatar Forever,thriller,120,4.1,2009,slow,James Cameron,Synopsis de test généré par le pipeline de données Pandas.
M293,Gladiator Forever,drama,155,4.2,2000,fast,Ridley Scott,Synopsis de test généré par le pipeline de données Pandas.
M294,The Dark Knight Forever,action,152,4.9,2008,fast,Christopher Nolan,Synopsis de test généré par le pipeline de données Pandas.
M295,Toy Story Forever,animation,81,4.3,1995,slow,John Lasseter,Synopsis de test généré par le pipeline de données Pandas.
M296,The Conjuring Forever,horror,112,3.9,2013,fast,James Wan,Synopsis de test généré par le pipeline de données Pandas.
M297,La La Land Forever,romance,128,4.2,2016,fast,Damien Chazelle,Synopsis de test généré par le pipeline de données Pandas.
M298,The Hangover Forever,comedy,100,3.8,2009,slow,Todd Phillips,Synopsis de test généré par le pipeline de données Pandas.
M299,Seven Forever,thriller,127,4.6,1995,fast,David Fincher,Synopsis de test généré par le pipeline de données Pandas.
M300,Spirited Away Forever,animation,125,4.8,2001,fast,Hayao Miyazaki,Synopsis de test généré par le pipeline de données Pandas.
M301,Pulp Fiction Forever,drama,154,4.5,1994,slow,Quentin Tarantino,Synopsis de test généré par le pipeline de données Pandas.
M302,Titanic Forever,romance,194,4.0,1997,fast,James Cameron,Synopsis de test généré par le pipeline de données Pandas.
M303,Superbad Forever,comedy,113,3.7,2007,fast,Greg Mottola,Synopsis de test généré par le pipeline de données Pandas.
M304,Get Out Forever,horror,104,4.1,2017,slow,Jordan Peele,Synopsis de test généré par le pipeline de données Pandas.
M305,Blade Runner 2049 Forever,sci-fi,164,4.4,2017,fast,Denis Villeneuve,Synopsis de test généré par le pipeline de données Pandas.
M306,Parasite Forever,thriller,132,4.6,2019,fast,Bong Joon Ho,Synopsis de test généré par le pipeline de données Pandas.
M307,Inception The Next Generation,sci-fi,148,4.8,2010,slow,Christopher Nolan,Synopsis de test généré par le pipeline de données Pandas.
M308,Interstellar The Next Generation,sci-fi,169,4.7,2026,fast,Christopher Nolan,Synopsis de test généré par le pipeline de données Pandas.
M309,The Matrix The Next Generation,action,136,4.2,1999,fast,Lana Wachowski,Synopsis de test généré par le pipeline de données Pandas.
M310,Avatar The Next Generation,thriller,120,4.1,2009,slow,James Cameron,Synopsis de test généré par le pipeline de données Pandas.
M311,Gladiator The Next Generation,drama,155,4.2,2000,fast,Ridley Scott,Synopsis de test généré par le pipeline de données Pandas.
M312,The Dark Knight The Next Generation,action,152,4.9,2008,fast,Christopher Nolan,Synopsis de test généré par le pipeline de données Pandas.
M313,Toy Story The Next Generation,animation,81,4.3,1995,slow,John Lasseter,Synopsis de test généré par le pipeline de données Pandas.
M314,The Conjuring The Next Generation,horror,112,3.9,2013,fast,James Wan,Synopsis de test généré par le pipeline de données Pandas.
M315,La La Land The Next Generation,romance,128,4.2,2016,fast,Damien Chazelle,Synopsis de test généré par le pipeline de données Pandas.
M316,The Hangover The Next Generation,comedy,100,3.8,2009,slow,Todd Phillips,Synopsis de test généré par le pipeline de données Pandas.
M317,Seven The Next Generation,thriller,127,4.6,1995,fast,David Fincher,Synopsis de test généré par le pipeline de données Pandas.
M318,Spirited Away The Next Generation,animation,125,4.8,2001,fast,Hayao Miyazaki,Synopsis de test généré par le pipeline de données Pandas.
M319,Pulp Fiction The Next Generation,drama,154,4.5,1994,slow,Quentin Tarantino,Synopsis de test généré par le pipeline de données Pandas.
M320,Titanic The Next Generation,romance,194,4.0,1997,fast,James Cameron,Synopsis de test généré par le pipeline de données Pandas.
M322,Get Out The Next Generation,horror,104,4.1,2017,slow,Jordan Peele,Synopsis de test généré par le pipeline de données Pandas.
M323,Blade Runner 2049 The Next Generation,sci-fi,164,4.4,2017,fast,Denis Villeneuve,Synopsis de test généré par le pipeline de données Pandas.
M324,Parasite The Next Generation,thriller,132,4.6,2019,fast,Bong Joon Ho,Synopsis de test généré par le pipeline de données Pandas.
M325,Inception Chronicles,sci-fi,148,4.8,2010,slow,Christopher Nolan,Synopsis de test généré par le pipeline de données Pandas.
M326,Interstellar Chronicles,sci-fi,169,4.7,2026,fast,Christopher Nolan,Synopsis de test généré par le pipeline de données Pandas.
M327,The Matrix Chronicles,action,136,4.2,1999,fast,Lana Wachowski,Synopsis de test généré par le pipeline de données Pandas.
M328,Avatar Chronicles,thriller,120,4.1,2009,slow,James Cameron,Synopsis de test généré par le pipeline de données Pandas.
M329,Gladiator Chronicles,drama,155,4.2,2000,fast,Ridley Scott,Synopsis de test généré par le pipeline de données Pandas.
M330,The Dark Knight Chronicles,action,152,4.9,2008,fast,Christopher Nolan,Synopsis de test généré par le pipeline de données Pandas.
M331,Toy Story Chronicles,animation,81,4.3,1995,slow,John Lasseter,Synopsis de test généré par le pipeline de données Pandas.
M332,The Conjuring Chronicles,horror,112,3.9,2013,fast,James Wan,Synopsis de test généré par le pipeline de données Pandas.
M333,La La Land Chronicles,romance,128,4.2,2016,fast,Damien Chazelle,Synopsis de test généré par le pipeline de données Pandas.
M334,The Hangover Chronicles,comedy,100,3.8,2009,slow,Todd Phillips,Synopsis de test généré par le pipeline de données Pandas.
M335,Seven Chronicles,thriller,127,4.6,1995,fast,David Fincher,Synopsis de test généré par le pipeline de données Pandas.
M336,Spirited Away Chronicles,animation,125,4.8,2001,fast,Hayao Miyazaki,Synopsis de test généré par le pipeline de données Pandas.
M337,Pulp Fiction Chronicles,drama,154,4.5,1994,slow,Quentin Tarantino,Synopsis de test généré par le pipeline de données Pandas.
M338,Titanic Chronicles,romance,194,4.0,1997,fast,James Cameron,Synopsis de test généré par le pipeline de données Pandas.
M339,Superbad Chronicles,comedy,113,3.7,2007,fast,Greg Mottola,Synopsis de test généré par le pipeline de données Pandas.
M340,Get Out Chronicles,horror,104,4.1,2017,slow,Jordan Peele,Synopsis de test généré par le pipeline de données Pandas.
M341,Blade Runner 2049 Chronicles,sci-fi,164,4.4,2017,fast,Denis Villeneuve,Synopsis de test généré par le pipeline de données Pandas.
M342,Parasite Chronicles,thriller,132,4.6,2019,fast,Bong Joon Ho,Synopsis de test généré par le pipeline de données Pandas.
M343,Inception Anniversary Edition,sci-fi,148,4.8,2010,slow,Christopher Nolan,Synopsis de test généré par le pipeline de données Pandas.
M344,Interstellar Anniversary Edition,sci-fi,169,4.7,2026,fast,Christopher Nolan,Synopsis de test généré par le pipeline de données Pandas.
M345,The Matrix Anniversary Edition,action,136,4.2,1999,fast,Lana Wachowski,Synopsis de test généré par le pipeline de données Pandas.
M346,Avatar Anniversary Edition,thriller,120,4.1,2009,slow,James Cameron,Synopsis de test généré par le pipeline de données Pandas.
M347,Gladiator Anniversary Edition,drama,155,4.2,2000,fast,Ridley Scott,Synopsis de test généré par le pipeline de données Pandas.
M348,The Dark Knight Anniversary Edition,action,152,4.9,2008,fast,Christopher Nolan,Synopsis de test généré par le pipeline de données Pandas.
M349,Toy Story Anniversary Edition,animation,81,4.3,1995,slow,John Lasseter,Synopsis de test généré par le pipeline de données Pandas.
M350,The Conjuring Anniversary Edition,horror,112,3.9,2013,fast,James Wan,Synopsis de test généré par le pipeline de données Pandas.
M351,La La Land Anniversary Edition,romance,128,4.2,2016,fast,Damien Chazelle,Synopsis de test généré par le pipeline de données Pandas.
M352,The Hangover Anniversary Edition,comedy,100,3.8,2009,slow,Todd Phillips,Synopsis de test généré par le pipeline de données Pandas.
M353,Seven Anniversary Edition,thriller,127,4.6,1995,fast,David Fincher,Synopsis de test généré par le pipeline de données Pandas.
M354,Spirited Away Anniversary Edition,animation,125,4.8,2001,fast,Hayao Miyazaki,Synopsis de test généré par le pipeline de données Pandas.
M355,Pulp Fiction Anniversary Edition,drama,154,4.5,1994,slow,Quentin Tarantino,Synopsis de test généré par le pipeline de données Pandas.
M356,Titanic Anniversary Edition,romance,194,4.0,1997,fast,James Cameron,Synopsis de test généré par le pipeline de données Pandas.
M357,Superbad Anniversary Edition,comedy,113,3.7,2007,fast,Greg Mottola,Synopsis de test généré par le pipeline de données Pandas.
M358,Get Out Anniversary Edition,horror,104,4.1,2017,slow,Jordan Peele,Synopsis de test généré par le pipeline de données Pandas.
M359,Blade Runner 2049 Anniversary Edition,sci-fi,164,4.4,2017,fast,Denis Villeneuve,Synopsis de test généré par le pipeline de données Pandas.
M360,Parasite Anniversary Edition,thriller,132,4.6,2019,fast,Bong Joon Ho,Synopsis de test généré par le pipeline de données Pandas.
M361,Inception Director's Cut,sci-fi,148,4.8,2010,slow,Christopher Nolan,Synopsis de test généré par le pipeline de données Pandas.
M362,Interstellar Director's Cut,sci-fi,169,4.7,2026,fast,Christopher Nolan,Synopsis de test généré par le pipeline de données Pandas.
M363,The Matrix Director's Cut,action,136,4.2,1999,fast,Lana Wachowski,Synopsis de test généré par le pipeline de données Pandas.
M364,Avatar Director's Cut,thriller,120,4.1,2009,slow,James Cameron,Synopsis de test généré par le pipeline de données Pandas.
M365,Gladiator Director's Cut,drama,155,4.2,2000,fast,Ridley Scott,Synopsis de test généré par le pipeline de données Pandas.
M366,The Dark Knight Director's Cut,action,152,4.9,2008,fast,Christopher Nolan,Synopsis de test généré par le pipeline de données Pandas.
M367,Toy Story Director's Cut,animation,81,4.3,1995,slow,John Lasseter,Synopsis de test généré par le pipeline de données Pandas.
M368,The Conjuring Director's Cut,horror,112,3.9,2013,fast,James Wan,Synopsis de test généré par le pipeline de données Pandas.
M369,La La Land Director's Cut,romance,128,4.2,2016,fast,Damien Chazelle,Synopsis de test généré par le pipeline de données Pandas.
M370,The Hangover Director's Cut,comedy,100,3.8,2009,slow,Todd Phillips,Synopsis de test généré par le pipeline de données Pandas.
M371,Seven Director's Cut,thriller,127,4.6,1995,fast,David Fincher,Synopsis de test généré par le pipeline de données Pandas.
M372,Spirited Away Director's Cut,animation,125,4.8,2001,fast,Hayao Miyazaki,Synopsis de test généré par le pipeline de données Pandas.
M373,Pulp Fiction Director's Cut,drama,154,4.5,1994,slow,Quentin Tarantino,Synopsis de test généré par le pipeline de données Pandas.
M374,Titanic Director's Cut,romance,194,4.0,1997,fast,James Cameron,Synopsis de test généré par le pipeline de données Pandas.
M375,Superbad Director's Cut,comedy,113,3.7,2007,fast,Greg Mottola,Synopsis de test généré par le pipeline de données Pandas.
M376,Get Out Director's Cut,horror,104,4.1,2017,slow,Jordan Peele,Synopsis de test généré par le pipeline de données Pandas.
M377,Blade Runner 2049 Director's Cut,sci-fi,164,4.4,2017,fast,Denis Villeneuve,Synopsis de test généré par le pipeline de données Pandas.
M378,Parasite Director's Cut,thriller,132,4.6,2019,fast,Bong Joon Ho,Synopsis de test généré par le pipeline de données Pandas.
M379,Inception Final Cut,sci-fi,148,4.8,2010,slow,Christopher Nolan,Synopsis de test généré par le pipeline de données Pandas.
M380,Interstellar Final Cut,sci-fi,169,4.7,2026,fast,Christopher Nolan,Synopsis de test généré par le pipeline de données Pandas.
M381,The Matrix Final Cut,action,136,4.2,1999,fast,Lana Wachowski,Synopsis de test généré par le pipeline de données Pandas.
M382,Avatar Final Cut,thriller,120,4.1,2009,slow,James Cameron,Synopsis de test généré par le pipeline de données Pandas.
M383,Gladiator Final Cut,drama,155,4.2,2000,fast,Ridley Scott,Synopsis de test généré par le pipeline de données Pandas.
M384,The Dark Knight Final Cut,action,152,4.9,2008,fast,Christopher Nolan,Synopsis de test généré par le pipeline de données Pandas.
M385,Toy Story Final Cut,animation,81,4.3,1995,slow,John Lasseter,Synopsis de test généré par le pipeline de données Pandas.
M386,The Conjuring Final Cut,horror,112,3.9,2013,fast,James Wan,Synopsis de test généré par le pipeline de données Pandas.
M387,La La Land Final Cut,romance,128,4.2,2016,fast,Damien Chazelle,Synopsis de test généré par le pipeline de données Pandas.
M388,The Hangover Final Cut,comedy,100,3.8,2009,slow,Todd Phillips,Synopsis de test généré par le pipeline de données Pandas.
M389,Seven Final Cut,thriller,127,4.6,1995,fast,David Fincher,Synopsis de test généré par le pipeline de données Pandas.
M390,Spirited Away Final Cut,animation,125,4.8,2001,fast,Hayao Miyazaki,Synopsis de test généré par le pipeline de données Pandas.
M391,Pulp Fiction Final Cut,drama,154,4.5,1994,slow,Quentin Tarantino,Synopsis de test généré par le pipeline de données Pandas.
M392,Titanic Final Cut,romance,194,4.0,1997,fast,James Cameron,Synopsis de test généré par le pipeline de données Pandas.
M393,Superbad Final Cut,comedy,113,3.7,2007,fast,Greg Mottola,Synopsis de test généré par le pipeline de données Pandas.
M394,Get Out Final Cut,horror,104,4.1,2017,slow,Jordan Peele,Synopsis de test généré par le pipeline de données Pandas.
M395,Blade Runner 2049 Final Cut,sci-fi,164,4.4,2017,fast,Denis Villeneuve,Synopsis de test généré par le pipeline de données Pandas.
M396,Parasite Final Cut,thriller,132,4.6,2019,fast,Bong Joon Ho,Synopsis de test généré par le pipeline de données Pandas.
M397,Inception Gold Edition,sci-fi,148,4.8,2010,slow,Christopher Nolan,Synopsis de test généré par le pipeline de données Pandas.
M398,Interstellar Gold Edition,sci-fi,169,4.7,2026,fast,Christopher Nolan,Synopsis de test généré par le pipeline de données Pandas.
M399,The Matrix Gold Edition,action,136,4.2,1999,fast,Lana Wachowski,Synopsis de test généré par le pipeline de données Pandas.
M400,Avatar Gold Edition,thriller,120,4.1,2009,slow,James Cameron,Synopsis de test généré par le pipeline de données Pandas.
M402,The Dark Knight Gold Edition,action,152,4.9,2008,fast,Christopher Nolan,Synopsis de test généré par le pipeline de données Pandas.
M403,Toy Story Gold Edition,animation,81,4.3,1995,slow,John Lasseter,Synopsis de test généré par le pipeline de données Pandas.
M404,The Conjuring Gold Edition,horror,112,3.9,2013,fast,James Wan,Synopsis de test généré par le pipeline de données Pandas.
M405,La La Land Gold Edition,romance,128,4.2,2016,fast,Damien Chazelle,Synopsis de test généré par le pipeline de données Pandas.
M406,The Hangover Gold Edition,comedy,100,3.8,2009,slow,Todd Phillips,Synopsis de test généré par le pipeline de données Pandas.
M407,Seven Gold Edition,thriller,127,4.6,1995,fast,David Fincher,Synopsis de test généré par le pipeline de données Pandas.
M408,Spirited Away Gold Edition,animation,125,4.8,2001,fast,Hayao Miyazaki,Synopsis de test généré par le pipeline de données Pandas.
M409,Pulp Fiction Gold Edition,drama,154,4.5,1994,slow,Quentin Tarantino,Synopsis de test généré par le pipeline de données Pandas.
M410,Titanic Gold Edition,romance,194,4.0,1997,fast,James Cameron,Synopsis de test généré par le pipeline de données Pandas.
M411,Superbad Gold Edition,comedy,113,3.7,2007,fast,Greg Mottola,Synopsis de test généré par le pipeline de données Pandas.
M412,Get Out Gold Edition,horror,104,4.1,2017,slow,Jordan Peele,Synopsis de test généré par le pipeline de données Pandas.
M413,Blade Runner 2049 Gold Edition,sci-fi,164,4.4,2017,fast,Denis Villeneuve,Synopsis de test généré par le pipeline de données Pandas.
M414,Parasite Gold Edition,thriller,132,4.6,2019,fast,Bong Joon Ho,Synopsis de test généré par le pipeline de données Pandas.
M415,Inception Redux,sci-fi,148,4.8,2010,slow,Christopher Nolan,Synopsis de test généré par le pipeline de données Pandas.
M416,Interstellar Redux,sci-fi,169,4.7,2026,fast,Christopher Nolan,Synopsis de test généré par le pipeline de données Pandas.
M417,The Matrix Redux,action,136,4.2,1999,fast,Lana Wachowski,Synopsis de test généré par le pipeline de données Pandas.
M418,Avatar Redux,thriller,120,4.1,2009,slow,James Cameron,Synopsis de test généré par le pipeline de données Pandas.
M419,Gladiator Redux,drama,155,4.2,2000,fast,Ridley Scott,Synopsis de test généré par le pipeline de données Pandas.
M420,The Dark Knight Redux,action,152,4.9,2008,fast,Christopher Nolan,Synopsis de test généré par le pipeline de données Pandas.
M421,Toy Story Redux,animation,81,4.3,1995,slow,John Lasseter,Synopsis de test généré par le pipeline de données Pandas.
M422,The Conjuring Redux,horror,112,3.9,2013,fast,James Wan,Synopsis de test généré par le pipeline de données Pandas.
M423,La La Land Redux,romance,128,4.2,2016,fast,Damien Chazelle,Synopsis de test généré par le pipeline de données Pandas.
M424,The Hangover Redux,comedy,100,3.8,2009,slow,Todd Phillips,Synopsis de test généré par le pipeline de données Pandas.
M425,Seven Redux,thriller,127,4.6,1995,fast,David Fincher,Synopsis de test généré par le pipeline de données Pandas.
M426,Spirited Away Redux,animation,125,4.8,2001,fast,Hayao Miyazaki,Synopsis de test généré par le pipeline de données Pandas.
M427,Pulp Fiction Redux,drama,154,4.5,1994,slow,Quentin Tarantino,Synopsis de test généré par le pipeline de données Pandas.
M428,Titanic Redux,romance,194,4.0,1997,fast,James Cameron,Synopsis de test généré par le pipeline de données Pandas.
M429,Superbad Redux,comedy,113,3.7,2007,fast,Greg Mottola,Synopsis de test généré par le pipeline de données Pandas.
M430,Get Out Redux,horror,104,4.1,2017,slow,Jordan Peele,Synopsis de test généré par le pipeline de données Pandas.
M431,Blade Runner 2049 Redux,sci-fi,164,4.4,2017,fast,Denis Villeneuve,Synopsis de test généré par le pipeline de données Pandas.
M432,Parasite Redux,thriller,132,4.6,2019,fast,Bong Joon Ho,Synopsis de test généré par le pipeline de données Pandas.
M433,Inception Beyond,sci-fi,148,4.8,2010,slow,Christopher Nolan,Synopsis de test généré par le pipeline de données Pandas.
M434,Interstellar Beyond,sci-fi,169,4.7,2026,fast,Christopher Nolan,Synopsis de test généré par le pipeline de données Pandas.
M435,The Matrix Beyond,action,136,4.2,1999,fast,Lana Wachowski,Synopsis de test généré par le pipeline de données Pandas.
M436,Avatar Beyond,thriller,120,4.1,2009,slow,James Cameron,Synopsis de test généré par le pipeline de données Pandas.
M437,Gladiator Beyond,drama,155,4.2,2000,fast,Ridley Scott,Synopsis de test généré par le pipeline de données Pandas.
M438,The Dark Knight Beyond,action,152,4.9,2008,fast,Christopher Nolan,Synopsis de test généré par le pipeline de données Pandas.
M439,Toy Story Beyond,animation,81,4.3,1995,slow,John Lasseter,Synopsis de test généré par le pipeline de données Pandas.
M440,The Conjuring Beyond,horror,112,3.9,2013,fast,James Wan,Synopsis de test généré par le pipeline de données Pandas.
M441,La La Land Beyond,romance,128,4.2,2016,fast,Damien Chazelle,Synopsis de test généré par le pipeline de données Pandas.
M442,The Hangover Beyond,comedy,100,3.8,2009,slow,Todd Phillips,Synopsis de test généré par le pipeline de données Pandas.
M443,Seven Beyond,thriller,127,4.6,1995,fast,David Fincher,Synopsis de test généré par le pipeline de données Pandas.
M444,Spirited Away Beyond,animation,125,4.8,2001,fast,Hayao Miyazaki,Synopsis de test généré par le pipeline de données Pandas.
M445,Pulp Fiction Beyond,drama,154,4.5,1994,slow,Quentin Tarantino,Synopsis de test généré par le pipeline de données Pandas.
M446,Titanic Beyond,romance,194,4.0,1997,fast,James Cameron,Synopsis de test généré par le pipeline de données Pandas.
M447,Superbad Beyond,comedy,113,3.7,2007,fast,Greg Mottola,Synopsis de test généré par le pipeline de données Pandas.
M448,Get Out Beyond,horror,104,4.1,2017,slow,Jordan Peele,Synopsis de test généré par le pipeline de données Pandas.
M449,Blade Runner 2049 Beyond,sci-fi,164,4.4,2017,fast,Denis Villeneuve,Synopsis de test généré par le pipeline de données Pandas.
M450,Parasite Beyond,thriller,132,4.6,2019,fast,Bong Joon Ho,Synopsis de test généré par le pipeline de données Pandas.
