title_base,genre,duration_min,avg_rating,year,director,title,movie_id,pace,description
,,,,,,,,,
Interstellar,sci-fi,-169,4.7.0.0,,Christopher Nolan,Interstellar Original,M002,fast,Synopsis de test généré par le pipeline de données Pandas.
The Matrix,action,136,9.5,1999,Lana Wachowski,The Matrix Original,M003,fast,Synopsis de test généré par le pipeline de données Pandas.
Avatar,thriler,9999,4.1,2009,James Cameron,Avatar Original,M004,LENT,Synopsis de test généré par le pipeline de données Pandas.
Gladiator,drama,155,NaN,2000,Ridley Scott,Gladiator Original,M005,fast,Synopsis de test généré par le pipeline de données Pandas.
The Dark Knight,action,152,4.9,2008,Christopher Nolan,The Dark Knight Original,M006,fast,Synopsis de test généré par le pipeline de données Pandas.
Toy Story,animation,81,4.3,1995,John Lasseter,Toy Story Original,M007,LENT,Synopsis de test généré par le pipeline de données Pandas.
The Conjuring,horror,112,3.9,2013,James Wan,The Conjuring Original,M008,fast,Synopsis de test généré par le pipeline de données Pandas.
La La Land,romance,128,4.2,2016,Damien Chazelle,La La Land Original,M009,fast,Synopsis de test généré par le pipeline de données Pandas.
The Hangover,comedy,100,3.8,2009,Todd Phillips,The Hangover Original,M010,LENT,Synopsis de test généré par le pipeline de données Pandas.
Seven,thriller,127,4.6,1995,David Fincher,Seven Original,M011,fast,Synopsis de test généré par le pipeline de données Pandas.
Spirited Away,animation,125,4.8,2001,Hayao Miyazaki,Spirited Away Original,M012,fast,Synopsis de test généré par le pipeline de données Pandas.
Pulp Fiction,drama,154,4.5,1994,Quentin Tarantino,Pulp Fiction Original,M013,LENT,Synopsis de test généré par le pipeline de données Pandas.
Titanic,romance,194,4.0,1997,James Cameron,Titanic Original,M014,fast,Synopsis de test généré par le pipeline de données Pandas.
Superbad,comedy,-113,3.7,2007,Greg Mottola,Superbad Original,M015,fast,Synopsis de test généré par le pipeline de données Pandas.
Get Out,horreur,104,4.1,2017,Jordan Peele,Get Out Original,M016,LENT,Synopsis de test généré par le pipeline de données Pandas.
Blade Runner 2049,sci fi,164,4.4,2017,Denis Villeneuve,Blade Runner 2049 Original,M017,fast,Synopsis de test généré par le pipeline de données Pandas.
Parasite,thriller,132,4.6,2019,Bong Joon Ho,Parasite Original,M018,fast,Synopsis de test généré par le pipeline de données Pandas.
Inception,science fiction,148,4.8,2010,Christopher Nolan,Inception Reloaded,M019,LENT,Synopsis de test généré par le pipeline de données Pandas.
Interstellar,sci-fi,-169,4.7.0.0,,Christopher Nolan,Interstellar Reloaded,M020,fast,Synopsis de test généré par le pipeline de données Pandas.
The Matrix,action,136,9.5,1999,Lana Wachowski,The Matrix Reloaded,M021,fast,Synopsis de test généré par le pipeline de données Pandas.
Avatar,thriler,9999,4.1,2009,James Cameron,Avatar Reloaded,M022,LENT,Synopsis de test généré par le pipeline de données Pandas.
Gladiator,drama,155,NaN,2000,Ridley Scott,Gladiator Reloaded,M023,fast,Synopsis de test généré par le pipeline de données Pandas.
The Dark Knight,action,152,4.9,2008,Christopher Nolan,The Dark Knight Reloaded,M024,fast,Synopsis de test généré par le pipeline de données Pandas.
Toy Story,animation,81,4.3,1995,John Lasseter,Toy Story Reloaded,M025,LENT,Synopsis de test généré par le pipeline de données Pandas.
The Conjuring,horror,112,3.9,2013,James Wan,The Conjuring Reloaded,M026,fast,Synopsis de test généré par le pipeline de données Pandas.
La La Land,romance,128,4.2,2016,Damien Chazelle,La La Land Reloaded,M027,fast,Synopsis de test généré par le pipeline de données Pandas.
The Hangover,comedy,100,3.8,2009,Todd Phillips,The Hangover Reloaded,M028,LENT,Synopsis de test généré par le pipeline de données Pandas.
Seven,thriller,127,4.6,1995,David Fincher,Seven Reloaded,M029,fast,Synopsis de test généré par le pipeline de données Pandas.
Spirited Away,animation,125,4.8,2001,Hayao Miyazaki,Spirited Away Reloaded,M030,fast,Synopsis de test généré par le pipeline de données Pandas.
Pulp Fiction,drama,154,4.5,1994,Quentin Tarantino,Pulp Fiction Reloaded,M031,LENT,Synopsis de test généré par le pipeline de données Pandas.
Titanic,romance,194,4.0,1997,James Cameron,Titanic Reloaded,M032,fast,Synopsis de test généré par le pipeline de données Pandas.
Superbad,comedy,-113,3.7,2007,Greg Mottola,Superbad Reloaded,M033,fast,Synopsis de test généré par le pipeline de données Pandas.
Get Out,horreur,104,4.1,2017,Jordan Peele,Get Out Reloaded,M034,LENT,Synopsis de test généré par le pipeline de données Pandas.
Blade Runner 2049,sci fi,164,4.4,2017,Denis Villeneuve,Blade Runner 2049 Reloaded,M035,fast,Synopsis de test généré par le pipeline de données Pandas.
Parasite,thriller,132,4.6,2019,Bong Joon Ho,Parasite Reloaded,M036,fast,Synopsis de test généré par le pipeline de données Pandas.
Inception,science fiction,148,4.8,2010,Christopher Nolan,Inception Evolution,M037,LENT,Synopsis de test généré par le pipeline de données Pandas.
Interstellar,sci-fi,-169,4.7.0.0,,Christopher Nolan,Interstellar Evolution,M038,fast,Synopsis de test généré par le pipeline de données Pandas.
The Matrix,action,136,9.5,1999,Lana Wachowski,The Matrix Evolution,M039,fast,Synopsis de test généré par le pipeline de données Pandas.
Avatar,thriler,9999,4.1,2009,James Cameron,Avatar Evolution,M040,LENT,Synopsis de test généré par le pipeline de données Pandas.
Gladiator,drama,155,NaN,2000,Ridley Scott,Gladiator Evolution,M041,fast,Synopsis de test généré par le pipeline de données Pandas.
The Dark Knight,action,152,4.9,2008,Christopher Nolan,The Dark Knight Evolution,M042,fast,Synopsis de test généré par le pipeline de données Pandas.
Toy Story,animation,81,4.3,1995,John Lasseter,Toy Story Evolution,M043,LENT,Synopsis de test généré par le pipeline de données Pandas.
The Conjuring,horror,112,3.9,2013,James Wan,The Conjuring Evolution,M044,fast,Synopsis de test généré par le pipeline de données Pandas.
La La Land,romance,128,4.2,2016,Damien Chazelle,La La Land Evolution,M045,fast,Synopsis de test généré par le pipeline de données Pandas.
The Hangover,comedy,100,3.8,2009,Todd Phillips,The Hangover Evolution,M046,LENT,Synopsis de test généré par le pipeline de données Pandas.
Seven,thriller,127,4.6,1995,David Fincher,Seven Evolution,M047,fast,Synopsis de test généré par le pipeline de données Pandas.
Spirited Away,animation,125,4.8,2001,Hayao Miyazaki,Spirited Away Evolution,M048,fast,Synopsis de test généré par le pipeline de données Pandas.
Pulp Fiction,drama,154,4.5,1994,Quentin Tarantino,Pulp Fiction Evolution,M049,LENT,Synopsis de test généré par le pipeline de données Pandas.
Titanic,romance,194,4.0,1997,James Cameron,Titanic Evolution,M050,fast,Synopsis de test généré par le pipeline de données Pandas.
Superbad,comedy,-113,3.7,2007,Greg Mottola,Superbad Evolution,M051,fast,Synopsis de test généré par le pipeline de données Pandas.
Get Out,horreur,104,4.1,2017,Jordan Peele,Get Out Evolution,M052,LENT,Synopsis de test généré par le pipeline de données Pandas.
Blade Runner 2049,sci fi,164,4.4,2017,Denis Villeneuve,Blade Runner 2049 Evolution,M053,fast,Synopsis de test généré par le pipeline de données Pandas.
Parasite,thriller,132,4.6,2019,Bong Joon Ho,Parasite Evolution,M054,fast,Synopsis de test généré par le pipeline de données Pandas.
Inception,science fiction,148,4.8,2010,Christopher Nolan,Inception Legacy,M055,LENT,Synopsis de test généré par le pipeline de données Pandas.
Interstellar,sci-fi,-169,4.7.0.0,,Christopher Nolan,Interstellar Legacy,M056,fast,Synopsis de test généré par le pipeline de données Pandas.
The Matrix,action,136,9.5,1999,Lana Wachowski,The Matrix Legacy,M057,fast,Synopsis de test généré par le pipeline de données Pandas.
Avatar,thriler,9999,4.1,2009,James Cameron,Avatar Legacy,M058,LENT,Synopsis de test généré par le pipeline de données Pandas.
Gladiator,drama,155,NaN,2000,Ridley Scott,Gladiator Legacy,M059,fast,Synopsis de test généré par le pipeline de données Pandas.
The Dark Knight,action,152,4.9,2008,Christopher Nolan,The Dark Knight Legacy,M060,fast,Synopsis de test généré par le pipeline de données Pandas.
Toy Story,animation,81,4.3,1995,John Lasseter,Toy Story Legacy,M061,LENT,Synopsis de test généré par le pipeline de données Pandas.
The Conjuring,horror,112,3.9,2013,James Wan,The Conjuring Legacy,M062,fast,Synopsis de test généré par le pipeline de données Pandas.
La La Land,romance,128,4.2,2016,Damien Chazelle,La La Land Legacy,M063,fast,Synopsis de test généré par le pipeline de données Pandas.
The Hangover,comedy,100,3.8,2009,Todd Phillips,The Hangover Legacy,M064,LENT,Synopsis de test généré par le pipeline de données Pandas.
Seven,thriller,127,4.6,1995,David Fincher,Seven Legacy,M065,fast,Synopsis de test généré par le pipeline de données Pandas.
Spirited Away,animation,125,4.8,2001,Hayao Miyazaki,Spirited Away Legacy,M066,fast,Synopsis de test généré par le pipeline de données Pandas.
Pulp Fiction,drama,154,4.5,1994,Quentin Tarantino,Pulp Fiction Legacy,M067,LENT,Synopsis de test généré par le pipeline de données Pandas.
Titanic,romance,194,4.0,1997,James Cameron,Titanic Legacy,M068,fast,Synopsis de test généré par le pipeline de données Pandas.
Superbad,comedy,-113,3.7,2007,Greg Mottola,Superbad Legacy,M069,fast,Synopsis de test généré par le pipeline de données Pandas.
Get Out,horreur,104,4.1,2017,Jordan Peele,Get Out Legacy,M070,LENT,Synopsis de test généré par le pipeline de données Pandas.
Blade Runner 2049,sci fi,164,4.4,2017,Denis Villeneuve,Blade Runner 2049 Legacy,M071,fast,Synopsis de test généré par le pipeline de données Pandas.
Parasite,thriller,132,4.6,2019,Bong Joon Ho,Parasite Legacy,M072,fast,Synopsis de test généré par le pipeline de données Pandas.
Inception,science fiction,148,4.8,2010,Christopher Nolan,Inception Reborn,M073,LENT,Synopsis de test généré par le pipeline de données Pandas.
Interstellar,sci-fi,-169,4.7.0.0,,Christopher Nolan,Interstellar Reborn,M074,fast,Synopsis de test généré par le pipeline de données Pandas.
The Matrix,action,136,9.5,1999,Lana Wachowski,The Matrix Reborn,M075,fast,Synopsis de test généré par le pipeline de données Pandas.
Avatar,thriler,9999,4.1,2009,James Cameron,Avatar Reborn,M076,LENT,Synopsis de test généré par le pipeline de données Pandas.
Gladiator,drama,155,NaN,2000,Ridley Scott,Gladiator Reborn,M077,fast,Synopsis de test généré par le pipeline de données Pandas.
The Dark Knight,action,152,4.9,2008,Christopher Nolan,The Dark Knight Reborn,M078,fast,Synopsis de test généré par le pipeline de données Pandas.
Toy Story,animation,81,4.3,1995,John Lasseter,Toy Story Reborn,M079,LENT,Synopsis de test généré par le pipeline de données Pandas.
The Conjuring,horror,112,3.9,2013,James Wan,The Conjuring Reborn,M080,fast,Synopsis de test généré par le pipeline de données Pandas.
,,,,,,,,,
The Hangover,comedy,100,3.8,2009,Todd Phillips,The Hangover Reborn,M082,LENT,Synopsis de test généré par le pipeline de données Pandas.
Seven,thriller,127,4.6,1995,David Fincher,Seven Reborn,M083,fast,Synopsis de test généré par le pipeline de données Pandas.
Spirited Away,animation,125,4.8,2001,Hayao Miyazaki,Spirited Away Reborn,M084,fast,Synopsis de test généré par le pipeline de données Pandas.
Pulp Fiction,drama,154,4.5,1994,Quentin Tarantino,Pulp Fiction Reborn,M085,LENT,Synopsis de test généré par le pipeline de données Pandas.
Titanic,romance,194,4.0,1997,James Cameron,Titanic Reborn,M086,fast,Synopsis de test généré par le pipeline de données Pandas.
Superbad,comedy,-113,3.7,2007,Greg Mottola,Superbad Reborn,M087,fast,Synopsis de test généré par le pipeline de données Pandas.
Get Out,horreur,104,4.1,2017,Jordan Peele,Get Out Reborn,M088,LENT,Synopsis de test généré par le pipeline de données Pandas.
Blade Runner 2049,sci fi,164,4.4,2017,Denis Villeneuve,Blade Runner 2049 Reborn,M089,fast,Synopsis de test généré par le pipeline de données Pandas.
Parasite,thriller,132,4.6,2019,Bong Joon Ho,Parasite Reborn,M090,fast,Synopsis de test généré par le pipeline de données Pandas.
Inception,science fiction,148,4.8,2010,Christopher Nolan,Inception The Sequel,M091,LENT,Synopsis de test généré par le pipeline de données Pandas.
Interstellar,sci-fi,-169,4.7.0.0,,Christopher Nolan,Interstellar The Sequel,M092,fast,Synopsis de test généré par le pipeline de données Pandas.
The Matrix,action,136,9.5,1999,Lana Wachowski,The Matrix The Sequel,M093,fast,Synopsis de test généré par le pipeline de données Pandas.
Avatar,thriler,9999,4.1,2009,James Cameron,Avatar The Sequel,M094,LENT,Synopsis de test généré par le pipeline de données Pandas.
Gladiator,drama,155,NaN,2000,Ridley Scott,Gladiator The Sequel,M095,fast,Synopsis de test généré par le pipeline de données Pandas.
The Dark Knight,action,152,4.9,2008,Christopher Nolan,The Dark Knight The Sequel,M096,fast,Synopsis de test généré par le pipeline de données Pandas.
Toy Story,animation,81,4.3,1995,John Lasseter,Toy Story The Sequel,M097,LENT,Synopsis de test généré par le pipeline de données Pandas.
The Conjuring,horror,112,3.9,2013,James Wan,The Conjuring The Sequel,M098,fast,Synopsis de test généré par le pipeline de données Pandas.
La La Land,romance,128,4.2,2016,Damien Chazelle,La La Land The Sequel,M099,fast,Synopsis de test généré par le pipeline de données Pandas.
The Hangover,comedy,100,3.8,2009,Todd Phillips,The Hangover The Sequel,M100,LENT,Synopsis de test généré par le pipeline de données Pandas.
Seven,thriller,127,4.6,1995,David Fincher,Seven The Sequel,M101,fast,Synopsis de test généré par le pipeline de données Pandas.
Spirited Away,animation,125,4.8,2001,Hayao Miyazaki,Spirited Away The Sequel,M102,fast,Synopsis de test généré par le pipeline de données Pandas.
Pulp Fiction,drama,154,4.5,1994,Quentin Tarantino,Pulp Fiction The Sequel,M103,LENT,Synopsis de test généré par le pipeline de données Pandas.
Titanic,romance,194,4.0,1997,James Cameron,Titanic The Sequel,M104,fast,Synopsis de test généré par le pipeline de données Pandas.
Superbad,comedy,-113,3.7,2007,Greg Mottola,Superbad The Sequel,M105,fast,Synopsis de test généré par le pipeline de données Pandas.
Get Out,horreur,104,4.1,2017,Jordan Peele,Get Out The Sequel,M106,LENT,Synopsis de test généré par le pipeline de données Pandas.
Blade Runner 2049,sci fi,164,4.4,2017,Denis Villeneuve,Blade Runner 2049 The Sequel,M107,fast,Synopsis de test généré par le pipeline de données Pandas.
Parasite,thriller,132,4.6,2019,Bong Joon Ho,Parasite The Sequel,M108,fast,Synopsis de test généré par le pipeline de données Pandas.
Inception,science fiction,148,4.8,2010,Christopher Nolan,Inception Chapter II,M109,LENT,Synopsis de test généré par le pipeline de données Pandas.
Interstellar,sci-fi,-169,4.7.0.0,,Christopher Nolan,Interstellar Chapter II,M110,fast,Synopsis de test généré par le pipeline de données Pandas.
The Matrix,action,136,9.5,1999,Lana Wachowski,The Matrix Chapter II,M111,fast,Synopsis de test généré par le pipeline de données Pandas.
Avatar,thriler,9999,4.1,2009,James Cameron,Avatar Chapter II,M112,LENT,Synopsis de test généré par le pipeline de données Pandas.
Gladiator,drama,155,NaN,2000,Ridley Scott,Gladiator Chapter II,M113,fast,Synopsis de test généré par le pipeline de données Pandas.
The Dark Knight,action,152,4.9,2008,Christopher Nolan,The Dark Knight Chapter II,M114,fast,Synopsis de test généré par le pipeline de données Pandas.
Toy Story,animation,81,4.3,1995,John Lasseter,Toy Story Chapter II,M115,LENT,Synopsis de test généré par le pipeline de données Pandas.
The Conjuring,horror,112,3.9,2013,James Wan,The Conjuring Chapter II,M116,fast,Synopsis de test généré par le pipeline de données Pandas.
La La Land,romance,128,4.2,2016,Damien Chazelle,La La Land Chapter II,M117,fast,Synopsis de test généré par le pipeline de données Pandas.
The Hangover,comedy,100,3.8,2009,Todd Phillips,The Hangover Chapter II,M118,LENT,Synopsis de test généré par le pipeline de données Pandas.
Seven,thriller,127,4.6,1995,David Fincher,Seven Chapter II,M119,fast,Synopsis de test généré par le pipeline de données Pandas.
Spirited Away,animation,125,4.8,2001,Hayao Miyazaki,Spirited Away Chapter II,M120,fast,Synopsis de test généré par le pipeline de données Pandas.
Pulp Fiction,drama,154,4.5,1994,Quentin Tarantino,Pulp Fiction Chapter II,M121,LENT,Synopsis de test généré par le pipeline de données Pandas.
Titanic,romance,194,4.0,1997,James Cameron,Titanic Chapter II,M122,fast,Synopsis de test généré par le pipeline de données Pandas.
Superbad,comedy,-113,3.7,2007,Greg Mottola,Superbad Chapter II,M123,fast,Synopsis de test généré par le pipeline de données Pandas.
Get Out,horreur,104,4.1,2017,Jordan Peele,Get Out Chapter II,M124,LENT,Synopsis de test généré par le pipeline de données Pandas.
Blade Runner 2049,sci fi,164,4.4,2017,Denis Villeneuve,Blade Runner 2049 Chapter II,M125,fast,Synopsis de test généré par le pipeline de données Pandas.
Parasite,thriller,132,4.6,2019,Bong Joon Ho,Parasite Chapter II,M126,fast,Synopsis de test généré par le pipeline de données Pandas.
Inception,science fiction,148,4.8,2010,Christopher Nolan,Inception Trilogy,M127,LENT,Synopsis de test généré par le pipeline de données Pandas.
Interstellar,sci-fi,-169,4.7.0.0,,Christopher Nolan,Interstellar Trilogy,M128,fast,Synopsis de test généré par le pipeline de données Pandas.
The Matrix,action,136,9.5,1999,Lana Wachowski,The Matrix Trilogy,M129,fast,Synopsis de test généré par le pipeline de données Pandas.
Avatar,thriler,9999,4.1,2009,James Cameron,Avatar Trilogy,M130,LENT,Synopsis de test généré par le pipeline de données Pandas.
Gladiator,drama,155,NaN,2000,Ridley Scott,Gladiator Trilogy,M131,fast,Synopsis de test généré par le pipeline de données Pandas.
The Dark Knight,action,152,4.9,2008,Christopher Nolan,The Dark Knight Trilogy,M132,fast,Synopsis de test généré par le pipeline de données Pandas.
Toy Story,animation,81,4.3,1995,John Lasseter,Toy Story Trilogy,M133,LENT,Synopsis de test généré par le pipeline de données Pandas.
The Conjuring,horror,112,3.9,2013,James Wan,The Conjuring Trilogy,M134,fast,Synopsis de test généré par le pipeline de données Pandas.
La La Land,romance,128,4.2,2016,Damien Chazelle,La La Land Trilogy,M135,fast,Synopsis de test généré par le pipeline de données Pandas.
The Hangover,comedy,100,3.8,2009,Todd Phillips,The Hangover Trilogy,M136,LENT,Synopsis de test généré par le pipeline de données Pandas.
Seven,thriller,127,4.6,1995,David Fincher,Seven Trilogy,M137,fast,Synopsis de test généré par le pipeline de données Pandas.
Spirited Away,animation,125,4.8,2001,Hayao Miyazaki,Spirited Away Trilogy,M138,fast,Synopsis de test généré par le pipeline de données Pandas.
Pulp Fiction,drama,154,4.5,1994,Quentin Tarantino,Pulp Fiction Trilogy,M139,LENT,Synopsis de test généré par le pipeline de données Pandas.
Titanic,romance,194,4.0,1997,James Cameron,Titanic Trilogy,M140,fast,Synopsis de test généré par le pipeline de données Pandas.
Superbad,comedy,-113,3.7,2007,Greg Mottola,Superbad Trilogy,M141,fast,Synopsis de test généré par le pipeline de données Pandas.
Get Out,horreur,104,4.1,2017,Jordan Peele,Get Out Trilogy,M142,LENT,Synopsis de test généré par le pipeline de données Pandas.
Blade Runner 2049,sci fi,164,4.4,2017,Denis Villeneuve,Blade Runner 2049 Trilogy,M143,fast,Synopsis de test généré par le pipeline de données Pandas.
Parasite,thriller,132,4.6,2019,Bong Joon Ho,Parasite Trilogy,M144,fast,Synopsis de test généré par le pipeline de données Pandas.
Inception,science fiction,148,4.8,2010,Christopher Nolan,Inception Saga,M145,LENT,Synopsis de test généré par le pipeline de données Pandas.
Interstellar,sci-fi,-169,4.7.0.0,,Christopher Nolan,Interstellar Saga,M146,fast,Synopsis de test généré par le pipeline de données Pandas.
The Matrix,action,136,9.5,1999,Lana Wachowski,The Matrix Saga,M147,fast,Synopsis de test généré par le pipeline de données Pandas.
Avatar,thriler,9999,4.1,2009,James Cameron,Avatar Saga,M148,LENT,Synopsis de test généré par le pipeline de données Pandas.
Gladiator,drama,155,NaN,2000,Ridley Scott,Gladiator Saga,M149,fast,Synopsis de test généré par le pipeline de données Pandas.
The Dark Knight,action,152,4.9,2008,Christopher Nolan,The Dark Knight Saga,M150,fast,Synopsis de test généré par le pipeline de données Pandas.
Toy Story,animation,81,4.3,1995,John Lasseter,Toy Story Saga,M151,LENT,Synopsis de test généré par le pipeline de données Pandas.
The Conjuring,horror,112,3.9,2013,James Wan,The Conjuring Saga,M152,fast,Synopsis de test généré par le pipeline de données Pandas.
La La Land,romance,128,4.2,2016,Damien Chazelle,La La Land Saga,M153,fast,Synopsis de test généré par le pipeline de données Pandas.
The Hangover,comedy,100,3.8,2009,Todd Phillips,The Hangover Saga,M154,LENT,Synopsis de test généré par le pipeline de données Pandas.
Seven,thriller,127,4.6,1995,David Fincher,Seven Saga,M155,fast,Synopsis de test généré par le pipeline de données Pandas.
Spirited Away,animation,125,4.8,2001,Hayao Miyazaki,Spirited Away Saga,M156,fast,Synopsis de test généré par le pipeline de données Pandas.
Pulp Fiction,drama,154,4.5,1994,Quentin Tarantino,Pulp Fiction Saga,M157,LENT,Synopsis de test généré par le pipeline de données Pandas.
Titanic,romance,194,4.0,1997,James Cameron,Titanic Saga,M158,fast,Synopsis de test généré par le pipeline de données Pandas.
Superbad,comedy,-113,3.7,2007,Greg Mottola,Superbad Saga,M159,fast,Synopsis de test généré par le pipeline de données Pandas.
Get Out,horreur,104,4.1,2017,Jordan Peele,Get Out Saga,M160,LENT,Synopsis de test généré par le pipeline de données Pandas.
,,,,,,,,,
Parasite,thriller,132,4.6,2019,Bong Joon Ho,Parasite Saga,M162,fast,Synopsis de test généré par le pipeline de données Pandas.
Inception,science fiction,148,4.8,2010,Christopher Nolan,Inception Origins,M163,LENT,Synopsis de test généré par le pipeline de données Pandas.
Interstellar,sci-fi,-169,4.7.0.0,,Christopher Nolan,Interstellar Origins,M164,fast,Synopsis de test généré par le pipeline de données Pandas.
The Matrix,action,136,9.5,1999,Lana Wachowski,The Matrix Origins,M165,fast,Synopsis de test généré par le pipeline de données Pandas.
Avatar,thriler,9999,4.1,2009,James Cameron,Avatar Origins,M166,LENT,Synopsis de test généré par le pipeline de données Pandas.
Gladiator,drama,155,NaN,2000,Ridley Scott,Gladiator Origins,M167,fast,Synopsis de test généré par le pipeline de données Pandas.
The Dark Knight,action,152,4.9,2008,Christopher Nolan,The Dark Knight Origins,M168,fast,Synopsis de test généré par le pipeline de données Pandas.
Toy Story,animation,81,4.3,1995,John Lasseter,Toy Story Origins,M169,LENT,Synopsis de test généré par le pipeline de données Pandas.
The Conjuring,horror,112,3.9,2013,James Wan,The Conjuring Origins,M170,fast,Synopsis de test généré par le pipeline de données Pandas.
La La Land,romance,128,4.2,2016,Damien Chazelle,La La Land Origins,M171,fast,Synopsis de test généré par le pipeline de données Pandas.
The Hangover,comedy,100,3.8,2009,Todd Phillips,The Hangover Origins,M172,LENT,Synopsis de test généré par le pipeline de données Pandas.
Seven,thriller,127,4.6,1995,David Fincher,Seven Origins,M173,fast,Synopsis de test généré par le pipeline de données Pandas.
Spirited Away,animation,125,4.8,2001,Hayao Miyazaki,Spirited Away Origins,M174,fast,Synopsis de test généré par le pipeline de données Pandas.
Pulp Fiction,drama,154,4.5,1994,Quentin Tarantino,Pulp Fiction Origins,M175,LENT,Synopsis de test généré par le pipeline de données Pandas.
Titanic,romance,194,4.0,1997,James Cameron,Titanic Origins,M176,fast,Synopsis de test généré par le pipeline de données Pandas.
Superbad,comedy,-113,3.7,2007,Greg Mottola,Superbad Origins,M177,fast,Synopsis de test généré par le pipeline de données Pandas.
Get Out,horreur,104,4.1,2017,Jordan Peele,Get Out Origins,M178,LENT,Synopsis de test généré par le pipeline de données Pandas.
Blade Runner 2049,sci fi,164,4.4,2017,Denis Villeneuve,Blade Runner 2049 Origins,M179,fast,Synopsis de test généré par le pipeline de données Pandas.
Parasite,thriller,132,4.6,2019,Bong Joon Ho,Parasite Origins,M180,fast,Synopsis de test généré par le pipeline de données Pandas.
Inception,science fiction,148,4.8,2010,Christopher Nolan,Inception Uncut,M181,LENT,Synopsis de test généré par le pipeline de données Pandas.
Interstellar,sci-fi,-169,4.7.0.0,,Christopher Nolan,Interstellar Uncut,M182,fast,Synopsis de test généré par le pipeline de données Pandas.
The Matrix,action,136,9.5,1999,Lana Wachowski,The Matrix Uncut,M183,fast,Synopsis de test généré par le pipeline de données Pandas.
Avatar,thriler,9999,4.1,2009,James Cameron,Avatar Uncut,M184,LENT,Synopsis de test généré par le pipeline de données Pandas.
Gladiator,drama,155,NaN,2000,Ridley Scott,Gladiator Uncut,M185,fast,Synopsis de test généré par le pipeline de données Pandas.
The Dark Knight,action,152,4.9,2008,Christopher Nolan,The Dark Knight Uncut,M186,fast,Synopsis de test généré par le pipeline de données Pandas.
Toy Story,animation,81,4.3,1995,John Lasseter,Toy Story Uncut,M187,LENT,Synopsis de test généré par le pipeline de données Pandas.
The Conjuring,horror,112,3.9,2013,James Wan,The Conjuring Uncut,M188,fast,Synopsis de test généré par le pipeline de données Pandas.
La La Land,romance,128,4.2,2016,Damien Chazelle,La La Land Uncut,M189,fast,Synopsis de test généré par le pipeline de données Pandas.
The Hangover,comedy,100,3.8,2009,Todd Phillips,The Hangover Uncut,M190,LENT,Synopsis de test généré par le pipeline de données Pandas.
Seven,thriller,127,4.6,1995,David Fincher,Seven Uncut,M191,fast,Synopsis de test généré par le pipeline de données Pandas.
Spirited Away,animation,125,4.8,2001,Hayao Miyazaki,Spirited Away Uncut,M192,fast,Synopsis de test généré par le pipeline de données Pandas.
Pulp Fiction,drama,154,4.5,1994,Quentin Tarantino,Pulp Fiction Uncut,M193,LENT,Synopsis de test généré par le pipeline de données Pandas.
Titanic,romance,194,4.0,1997,James Cameron,Titanic Uncut,M194,fast,Synopsis de test généré par le pipeline de données Pandas.
Superbad,comedy,-113,3.7,2007,Greg Mottola,Superbad Uncut,M195,fast,Synopsis de test généré par le pipeline de données Pandas.
Get Out,horreur,104,4.1,2017,Jordan Peele,Get Out Uncut,M196,LENT,Synopsis de test généré par le pipeline de données Pandas.
Blade Runner 2049,sci fi,164,4.4,2017,Denis Villeneuve,Blade Runner 2049 Uncut,M197,fast,Synopsis de test généré par le pipeline de données Pandas.
Parasite,thriller,132,4.6,2019,Bong Joon Ho,Parasite Uncut,M198,fast,Synopsis de test généré par le pipeline de données Pandas.
Inception,science fiction,148,4.8,2010,Christopher Nolan,Inception Remastered,M199,LENT,Synopsis de test généré par le pipeline de données Pandas.
Interstellar,sci-fi,-169,4.7.0.0,,Christopher Nolan,Interstellar Remastered,M200,fast,Synopsis de test généré par le pipeline de données Pandas.
The Matrix,action,136,9.5,1999,Lana Wachowski,The Matrix Remastered,M201,fast,Synopsis de test généré par le pipeline de données Pandas.
Avatar,thriler,9999,4.1,2009,James Cameron,Avatar Remastered,M202,LENT,Synopsis de test généré par le pipeline de données Pandas.
Gladiator,drama,155,NaN,2000,Ridley Scott,Gladiator Remastered,M203,fast,Synopsis de test généré par le pipeline de données Pandas.
The Dark Knight,action,152,4.9,2008,Christopher Nolan,The Dark Knight Remastered,M204,fast,Synopsis de test généré par le pipeline de données Pandas.
Toy Story,animation,81,4.3,1995,John Lasseter,Toy Story Remastered,M205,LENT,Synopsis de test généré par le pipeline de données Pandas.
The Conjuring,horror,112,3.9,2013,James Wan,The Conjuring Remastered,M206,fast,Synopsis de test généré par le pipeline de données Pandas.
La La Land,romance,128,4.2,2016,Damien Chazelle,La La Land Remastered,M207,fast,Synopsis de test généré par le pipeline de données Pandas.
The Hangover,comedy,100,3.8,2009,Todd Phillips,The Hangover Remastered,M208,LENT,Synopsis de test généré par le pipeline de données Pandas.
Seven,thriller,127,4.6,1995,David Fincher,Seven Remastered,M209,fast,Synopsis de test généré par le pipeline de données Pandas.
Spirited Away,animation,125,4.8,2001,Hayao Miyazaki,Spirited Away Remastered,M210,fast,Synopsis de test généré par le pipeline de données Pandas.
Pulp Fiction,drama,154,4.5,1994,Quentin Tarantino,Pulp Fiction Remastered,M211,LENT,Synopsis de test généré par le pipeline de données Pandas.
Titanic,romance,194,4.0,1997,James Cameron,Titanic Remastered,M212,fast,Synopsis de test généré par le pipeline de données Pandas.
Superbad,comedy,-113,3.7,2007,Greg Mottola,Superbad Remastered,M213,fast,Synopsis de test généré par le pipeline de données Pandas.
Get Out,horreur,104,4.1,2017,Jordan Peele,Get Out Remastered,M214,LENT,Synopsis de test généré par le pipeline de données Pandas.
Blade Runner 2049,sci fi,164,4.4,2017,Denis Villeneuve,Blade Runner 2049 Remastered,M215,fast,Synopsis de test généré par le pipeline de données Pandas.
Parasite,thriller,132,4.6,2019,Bong Joon Ho,Parasite Remastered,M216,fast,Synopsis de test généré par le pipeline de données Pandas.
Inception,science fiction,148,4.8,2010,Christopher Nolan,Inception Part I,M217,LENT,Synopsis de test généré par le pipeline de données Pandas.
Interstellar,sci-fi,-169,4.7.0.0,,Christopher Nolan,Interstellar Part I,M218,fast,Synopsis de test généré par le pipeline de données Pandas.
The Matrix,action,136,9.5,1999,Lana Wachowski,The Matrix Part I,M219,fast,Synopsis de test généré par le pipeline de données Pandas.
Avatar,thriler,9999,4.1,2009,James Cameron,Avatar Part I,M220,LENT,Synopsis de test généré par le pipeline de données Pandas.
Gladiator,drama,155,NaN,2000,Ridley Scott,Gladiator Part I,M221,fast,Synopsis de test généré par le pipeline de données Pandas.
The Dark Knight,action,152,4.9,2008,Christopher Nolan,The Dark Knight Part I,M222,fast,Synopsis de test généré par le pipeline de données Pandas.
Toy Story,animation,81,4.3,1995,John Lasseter,Toy Story Part I,M223,LENT,Synopsis de test généré par le pipeline de données Pandas.
The Conjuring,horror,112,3.9,2013,James Wan,The Conjuring Part I,M224,fast,Synopsis de test généré par le pipeline de données Pandas.
La La Land,romance,128,4.2,2016,Damien Chazelle,La La Land Part I,M225,fast,Synopsis de test généré par le pipeline de données Pandas.
The Hangover,comedy,100,3.8,2009,Todd Phillips,The Hangover Part I,M226,LENT,Synopsis de test généré par le pipeline de données Pandas.
Seven,thriller,127,4.6,1995,David Fincher,Seven Part I,M227,fast,Synopsis de test généré par le pipeline de données Pandas.
Spirited Away,animation,125,4.8,2001,Hayao Miyazaki,Spirited Away Part I,M228,fast,Synopsis de test généré par le pipeline de données Pandas.
Pulp Fiction,drama,154,4.5,1994,Quentin Tarantino,Pulp Fiction Part I,M229,LENT,Synopsis de test généré par le pipeline de données Pandas.
Titanic,romance,194,4.0,1997,James Cameron,Titanic Part I,M230,fast,Synopsis de test généré par le pipeline de données Pandas.
Superbad,comedy,-113,3.7,2007,Greg Mottola,Superbad Part I,M231,fast,Synopsis de test généré par le pipeline de données Pandas.
Get Out,horreur,104,4.1,2017,Jordan Peele,Get Out Part I,M232,LENT,Synopsis de test généré par le pipeline de données Pandas.
Blade Runner 2049,sci fi,164,4.4,2017,Denis Villeneuve,Blade Runner 2049 Part I,M233,fast,Synopsis de test généré par le pipeline de données Pandas.
Parasite,thriller,132,4.6,2019,Bong Joon Ho,Parasite Part I,M234,fast,Synopsis de test généré par le pipeline de données Pandas.
Inception,science fiction,148,4.8,2010,Christopher Nolan,Inception Part II,M235,LENT,Synopsis de test généré par le pipeline de données Pandas.
Interstellar,sci-fi,-169,4.7.0.0,,Christopher Nolan,Interstellar Part II,M236,fast,Synopsis de test généré par le pipeline de données Pandas.
The Matrix,action,136,9.5,1999,Lana Wachowski,The Matrix Part II,M237,fast,Synopsis de test généré par le pipeline de données Pandas.
Avatar,thriler,9999,4.1,2009,James Cameron,Avatar Part II,M238,LENT,Synopsis de test généré par le pipeline de données Pandas.
Gladiator,drama,155,NaN,2000,Ridley Scott,Gladiator Part II,M239,fast,Synopsis de test généré par le pipeline de données Pandas.
The Dark Knight,action,152,4.9,2008,Christopher Nolan,The Dark Knight Part II,M240,fast,Synopsis de test généré par le pipeline de données Pandas.
,,,,,,,,,
The Conjuring,horror,112,3.9,2013,James Wan,The Conjuring Part II,M242,fast,Synopsis de test généré par le pipeline de données Pandas.
La La Land,romance,128,4.2,2016,Damien Chazelle,La La Land Part II,M243,fast,Synopsis de test généré par le pipeline de données Pandas.
The Hangover,comedy,100,3.8,2009,Todd Phillips,The Hangover Part II,M244,LENT,Synopsis de test généré par le pipeline de données Pandas.
Seven,thriller,127,4.6,1995,David Fincher,Seven Part II,M245,fast,Synopsis de test généré par le pipeline de données Pandas.
Spirited Away,animation,125,4.8,2001,Hayao Miyazaki,Spirited Away Part II,M246,fast,Synopsis de test généré par le pipeline de données Pandas.
Pulp Fiction,drama,154,4.5,1994,Quentin Tarantino,Pulp Fiction Part II,M247,LENT,Synopsis de test généré par le pipeline de données Pandas.
Titanic,romance,194,4.0,1997,James Cameron,Titanic Part II,M248,fast,Synopsis de test généré par le pipeline de données Pandas.
Superbad,comedy,-113,3.7,2007,Greg Mottola,Superbad Part II,M249,fast,Synopsis de test généré par le pipeline de données Pandas.
Get Out,horreur,104,4.1,2017,Jordan Peele,Get Out Part II,M250,LENT,Synopsis de test généré par le pipeline de données Pandas.
Blade Runner 2049,sci fi,164,4.4,2017,Denis Villeneuve,Blade Runner 2049 Part II,M251,fast,Synopsis de test généré par le pipeline de données Pandas.
Parasite,thriller,132,4.6,2019,Bong Joon Ho,Parasite Part II,M252,fast,Synopsis de test généré par le pipeline de données Pandas.
Inception,science fiction,148,4.8,2010,Christopher Nolan,Inception Part III,M253,LENT,Synopsis de test généré par le pipeline de données Pandas.
Interstellar,sci-fi,-169,4.7.0.0,,Christopher Nolan,Interstellar Part III,M254,fast,Synopsis de test généré par le pipeline de données Pandas.
The Matrix,action,136,9.5,1999,Lana Wachowski,The Matrix Part III,M255,fast,Synopsis de test généré par le pipeline de données Pandas.
Avatar,thriler,9999,4.1,2009,James Cameron,Avatar Part III,M256,LENT,Synopsis de test généré par le pipeline de données Pandas.
Gladiator,drama,155,NaN,2000,Ridley Scott,Gladiator Part III,M257,fast,Synopsis de test généré par le pipeline de données Pandas.
The Dark Knight,action,152,4.9,2008,Christopher Nolan,The Dark Knight Part III,M258,fast,Synopsis de test généré par le pipeline de données Pandas.
Toy Story,animation,81,4.3,1995,John Lasseter,Toy Story Part III,M259,LENT,Synopsis de test généré par le pipeline de données Pandas.
The Conjuring,horror,112,3.9,2013,James Wan,The Conjuring Part III,M260,fast,Synopsis de test généré par le pipeline de données Pandas.
La La Land,romance,128,4.2,2016,Damien Chazelle,La La Land Part III,M261,fast,Synopsis de test généré par le pipeline de données Pandas.
The Hangover,comedy,100,3.8,2009,Todd Phillips,The Hangover Part III,M262,LENT,Synopsis de test généré par le pipeline de données Pandas.
Seven,thriller,127,4.6,1995,David Fincher,Seven Part III,M263,fast,Synopsis de test généré par le pipeline de données Pandas.
Spirited Away,animation,125,4.8,2001,Hayao Miyazaki,Spirited Away Part III,M264,fast,Synopsis de test généré par le pipeline de données Pandas.
Pulp Fiction,drama,154,4.5,1994,Quentin Tarantino,Pulp Fiction Part III,M265,LENT,Synopsis de test généré par le pipeline de données Pandas.
Titanic,romance,194,4.0,1997,James Cameron,Titanic Part III,M266,fast,Synopsis de test généré par le pipeline de données Pandas.
Superbad,comedy,-113,3.7,2007,Greg Mottola,Superbad Part III,M267,fast,Synopsis de test généré par le pipeline de données Pandas.
Get Out,horreur,104,4.1,2017,Jordan Peele,Get Out Part III,M268,LENT,Synopsis de test généré par le pipeline de données Pandas.
Blade Runner 2049,sci fi,164,4.4,2017,Denis Villeneuve,Blade Runner 2049 Part III,M269,fast,Synopsis de test généré par le pipeline de données Pandas.
Parasite,thriller,132,4.6,2019,Bong Joon Ho,Parasite Part III,M270,fast,Synopsis de test généré par le pipeline de données Pandas.
Inception,science fiction,148,4.8,2010,Christopher Nolan,Inception The Return,M271,LENT,Synopsis de test généré par le pipeline de données Pandas.
Interstellar,sci-fi,-169,4.7.0.0,,Christopher Nolan,Interstellar The Return,M272,fast,Synopsis de test généré par le pipeline de données Pandas.
The Matrix,action,136,9.5,1999,Lana Wachowski,The Matrix The Return,M273,fast,Synopsis de test généré par le pipeline de données Pandas.
Avatar,thriler,9999,4.1,2009,James Cameron,Avatar The Return,M274,LENT,Synopsis de test généré par le pipeline de données Pandas.
Gladiator,drama,155,NaN,2000,Ridley Scott,Gladiator The Return,M275,fast,Synopsis de test généré par le pipeline de données Pandas.
The Dark Knight,action,152,4.9,2008,Christopher Nolan,The Dark Knight The Return,M276,fast,Synopsis de test généré par le pipeline de données Pandas.
Toy Story,animation,81,4.3,1995,John Lasseter,Toy Story The Return,M277,LENT,Synopsis de test généré par le pipeline de données Pandas.
The Conjuring,horror,112,3.9,2013,James Wan,The Conjuring The Return,M278,fast,Synopsis de test généré par le pipeline de données Pandas.
La La Land,romance,128,4.2,2016,Damien Chazelle,La La Land The Return,M279,fast,Synopsis de test généré par le pipeline de données Pandas.
The Hangover,comedy,100,3.8,2009,Todd Phillips,The Hangover The Return,M280,LENT,Synopsis de test généré par le pipeline de données Pandas.
Seven,thriller,127,4.6,1995,David Fincher,Seven The Return,M281,fast,Synopsis de test généré par le pipeline de données Pandas.
Spirited Away,animation,125,4.8,2001,Hayao Miyazaki,Spirited Away The Return,M282,fast,Synopsis de test généré par le pipeline de données Pandas.
Pulp Fiction,drama,154,4.5,1994,Quentin Tarantino,Pulp Fiction The Return,M283,LENT,Synopsis de test généré par le pipeline de données Pandas.
Titanic,romance,194,4.0,1997,James Cameron,Titanic The Return,M284,fast,Synopsis de test généré par le pipeline de données Pandas.
Superbad,comedy,-113,3.7,2007,Greg Mottola,Superbad The Return,M285,fast,Synopsis de test généré par le pipeline de données Pandas.
Get Out,horreur,104,4.1,2017,Jordan Peele,Get Out The Return,M286,LENT,Synopsis de test généré par le pipeline de données Pandas.
Blade Runner 2049,sci fi,164,4.4,2017,Denis Villeneuve,Blade Runner 2049 The Return,M287,fast,Synopsis de test généré par le pipeline de données Pandas.
Parasite,thriller,132,4.6,2019,Bong Joon Ho,Parasite The Return,M288,fast,Synopsis de test généré par le pipeline de données Pandas.
Inception,science fiction,148,4.8,2010,Christopher Nolan,Inception Forever,M289,LENT,Synopsis de test généré par le pipeline de données Pandas.
Interstellar,sci-fi,-169,4.7.0.0,,Christopher Nolan,Interstellar Forever,M290,fast,Synopsis de test généré par le pipeline de données Pandas.
The Matrix,action,136,9.5,1999,Lana Wachowski,The Matrix Forever,M291,fast,Synopsis de test généré par le pipeline de données Pandas.
Avatar,thriler,9999,4.1,2009,James Cameron,Avatar Forever,M292,LENT,Synopsis de test généré par le pipeline de données Pandas.
Gladiator,drama,155,NaN,2000,Ridley Scott,Gladiator Forever,M293,fast,Synopsis de test généré par le pipeline de données Pandas.
The Dark Knight,action,152,4.9,2008,Christopher Nolan,The Dark Knight Forever,M294,fast,Synopsis de test généré par le pipeline de données Pandas.
Toy Story,animation,81,4.3,1995,John Lasseter,Toy Story Forever,M295,LENT,Synopsis de test généré par le pipeline de données Pandas.
The Conjuring,horror,112,3.9,2013,James Wan,The Conjuring Forever,M296,fast,Synopsis de test généré par le pipeline de données Pandas.
La La Land,romance,128,4.2,2016,Damien Chazelle,La La Land Forever,M297,fast,Synopsis de test généré par le pipeline de données Pandas.
The Hangover,comedy,100,3.8,2009,Todd Phillips,The Hangover Forever,M298,LENT,Synopsis de test généré par le pipeline de données Pandas.
Seven,thriller,127,4.6,1995,David Fincher,Seven Forever,M299,fast,Synopsis de test généré par le pipeline de données Pandas.
Spirited Away,animation,125,4.8,2001,Hayao Miyazaki,Spirited Away Forever,M300,fast,Synopsis de test généré par le pipeline de données Pandas.
Pulp Fiction,drama,154,4.5,1994,Quentin Tarantino,Pulp Fiction Forever,M301,LENT,Synopsis de test généré par le pipeline de données Pandas.
Titanic,romance,194,4.0,1997,James Cameron,Titanic Forever,M302,fast,Synopsis de test généré par le pipeline de données Pandas.
Superbad,comedy,-113,3.7,2007,Greg Mottola,Superbad Forever,M303,fast,Synopsis de test généré par le pipeline de données Pandas.
Get Out,horreur,104,4.1,2017,Jordan Peele,Get Out Forever,M304,LENT,Synopsis de test généré par le pipeline de données Pandas.
Blade Runner 2049,sci fi,164,4.4,2017,Denis Villeneuve,Blade Runner 2049 Forever,M305,fast,Synopsis de test généré par le pipeline de données Pandas.
Parasite,thriller,132,4.6,2019,Bong Joon Ho,Parasite Forever,M306,fast,Synopsis de test généré par le pipeline de données Pandas.
Inception,science fiction,148,4.8,2010,Christopher Nolan,Inception The Next Generation,M307,LENT,Synopsis de test généré par le pipeline de données Pandas.
Interstellar,sci-fi,-169,4.7.0.0,,Christopher Nolan,Interstellar The Next Generation,M308,fast,Synopsis de test généré par le pipeline de données Pandas.
The Matrix,action,136,9.5,1999,Lana Wachowski,The Matrix The Next Generation,M309,fast,Synopsis de test généré par le pipeline de données Pandas.
Avatar,thriler,9999,4.1,2009,James Cameron,Avatar The Next Generation,M310,LENT,Synopsis de test généré par le pipeline de données Pandas.
Gladiator,drama,155,NaN,2000,Ridley Scott,Gladiator The Next Generation,M311,fast,Synopsis de test généré par le pipeline de données Pandas.
The Dark Knight,action,152,4.9,2008,Christopher Nolan,The Dark Knight The Next Generation,M312,fast,Synopsis de test généré par le pipeline de données Pandas.
Toy Story,animation,81,4.3,1995,John Lasseter,Toy Story The Next Generation,M313,LENT,Synopsis de test généré par le pipeline de données Pandas.
The Conjuring,horror,112,3.9,2013,James Wan,The Conjuring The Next Generation,M314,fast,Synopsis de test généré par le pipeline de données Pandas.
La La Land,romance,128,4.2,2016,Damien Chazelle,La La Land The Next Generation,M315,fast,Synopsis de test généré par le pipeline de données Pandas.
The Hangover,comedy,100,3.8,2009,Todd Phillips,The Hangover The Next Generation,M316,LENT,Synopsis de test généré par le pipeline de données Pandas.
Seven,thriller,127,4.6,1995,David Fincher,Seven The Next Generation,M317,fast,Synopsis de test généré par le pipeline de données Pandas.
Spirited Away,animation,125,4.8,2001,Hayao Miyazaki,Spirited Away The Next Generation,M318,fast,Synopsis de test généré par le pipeline de données Pandas.
Pulp Fiction,drama,154,4.5,1994,Quentin Tarantino,Pulp Fiction The Next Generation,M319,LENT,Synopsis de test généré par le pipeline de données Pandas.
Titanic,romance,194,4.0,1997,James Cameron,Titanic The Next Generation,M320,fast,Synopsis de test généré par le pipeline de données Pandas.
,,,,,,,,,
Get Out,horreur,104,4.1,2017,Jordan Peele,Get Out The Next Generation,M322,LENT,Synopsis de test généré par le pipeline de données Pandas.
Blade Runner 2049,sci fi,164,4.4,2017,Denis Villeneuve,Blade Runner 2049 The Next Generation,M323,fast,Synopsis de test généré par le pipeline de données Pandas.
Parasite,thriller,132,4.6,2019,Bong Joon Ho,Parasite The Next Generation,M324,fast,Synopsis de test généré par le pipeline de données Pandas.
Inception,science fiction,148,4.8,2010,Christopher Nolan,Inception Chronicles,M325,LENT,Synopsis de test généré par le pipeline de données Pandas.
Interstellar,sci-fi,-169,4.7.0.0,,Christopher Nolan,Interstellar Chronicles,M326,fast,Synopsis de test généré par le pipeline de données Pandas.
The Matrix,action,136,9.5,1999,Lana Wachowski,The Matrix Chronicles,M327,fast,Synopsis de test généré par le pipeline de données Pandas.
Avatar,thriler,9999,4.1,2009,James Cameron,Avatar Chronicles,M328,LENT,Synopsis de test généré par le pipeline de données Pandas.
Gladiator,drama,155,NaN,2000,Ridley Scott,Gladiator Chronicles,M329,fast,Synopsis de test généré par le pipeline de données Pandas.
The Dark Knight,action,152,4.9,2008,Christopher Nolan,The Dark Knight Chronicles,M330,fast,Synopsis de test généré par le pipeline de données Pandas.
Toy Story,animation,81,4.3,1995,John Lasseter,Toy Story Chronicles,M331,LENT,Synopsis de test généré par le pipeline de données Pandas.
The Conjuring,horror,112,3.9,2013,James Wan,The Conjuring Chronicles,M332,fast,Synopsis de test généré par le pipeline de données Pandas.
La La Land,romance,128,4.2,2016,Damien Chazelle,La La Land Chronicles,M333,fast,Synopsis de test généré par le pipeline de données Pandas.
The Hangover,comedy,100,3.8,2009,Todd Phillips,The Hangover Chronicles,M334,LENT,Synopsis de test généré par le pipeline de données Pandas.
Seven,thriller,127,4.6,1995,David Fincher,Seven Chronicles,M335,fast,Synopsis de test généré par le pipeline de données Pandas.
Spirited Away,animation,125,4.8,2001,Hayao Miyazaki,Spirited Away Chronicles,M336,fast,Synopsis de test généré par le pipeline de données Pandas.
Pulp Fiction,drama,154,4.5,1994,Quentin Tarantino,Pulp Fiction Chronicles,M337,LENT,Synopsis de test généré par le pipeline de données Pandas.
Titanic,romance,194,4.0,1997,James Cameron,Titanic Chronicles,M338,fast,Synopsis de test généré par le pipeline de données Pandas.
Superbad,comedy,-113,3.7,2007,Greg Mottola,Superbad Chronicles,M339,fast,Synopsis de test généré par le pipeline de données Pandas.
Get Out,horreur,104,4.1,2017,Jordan Peele,Get Out Chronicles,M340,LENT,Synopsis de test généré par le pipeline de données Pandas.
Blade Runner 2049,sci fi,164,4.4,2017,Denis Villeneuve,Blade Runner 2049 Chronicles,M341,fast,Synopsis de test généré par le pipeline de données Pandas.
Parasite,thriller,132,4.6,2019,Bong Joon Ho,Parasite Chronicles,M342,fast,Synopsis de test généré par le pipeline de données Pandas.
Inception,science fiction,148,4.8,2010,Christopher Nolan,Inception Anniversary Edition,M343,LENT,Synopsis de test généré par le pipeline de données Pandas.
Interstellar,sci-fi,-169,4.7.0.0,,Christopher Nolan,Interstellar Anniversary Edition,M344,fast,Synopsis de test généré par le pipeline de données Pandas.
The Matrix,action,136,9.5,1999,Lana Wachowski,The Matrix Anniversary Edition,M345,fast,Synopsis de test généré par le pipeline de données Pandas.
Avatar,thriler,9999,4.1,2009,James Cameron,Avatar Anniversary Edition,M346,LENT,Synopsis de test généré par le pipeline de données Pandas.
Gladiator,drama,155,NaN,2000,Ridley Scott,Gladiator Anniversary Edition,M347,fast,Synopsis de test généré par le pipeline de données Pandas.
The Dark Knight,action,152,4.9,2008,Christopher Nolan,The Dark Knight Anniversary Edition,M348,fast,Synopsis de test généré par le pipeline de données Pandas.
Toy Story,animation,81,4.3,1995,John Lasseter,Toy Story Anniversary Edition,M349,LENT,Synopsis de test généré par le pipeline de données Pandas.
The Conjuring,horror,112,3.9,2013,James Wan,The Conjuring Anniversary Edition,M350,fast,Synopsis de test généré par le pipeline de données Pandas.
La La Land,romance,128,4.2,2016,Damien Chazelle,La La Land Anniversary Edition,M351,fast,Synopsis de test généré par le pipeline de données Pandas.
The Hangover,comedy,100,3.8,2009,Todd Phillips,The Hangover Anniversary Edition,M352,LENT,Synopsis de test généré par le pipeline de données Pandas.
Seven,thriller,127,4.6,1995,David Fincher,Seven Anniversary Edition,M353,fast,Synopsis de test généré par le pipeline de données Pandas.
Spirited Away,animation,125,4.8,2001,Hayao Miyazaki,Spirited Away Anniversary Edition,M354,fast,Synopsis de test généré par le pipeline de données Pandas.
Pulp Fiction,drama,154,4.5,1994,Quentin Tarantino,Pulp Fiction Anniversary Edition,M355,LENT,Synopsis de test généré par le pipeline de données Pandas.
Titanic,romance,194,4.0,1997,James Cameron,Titanic Anniversary Edition,M356,fast,Synopsis de test généré par le pipeline de données Pandas.
Superbad,comedy,-113,3.7,2007,Greg Mottola,Superbad Anniversary Edition,M357,fast,Synopsis de test généré par le pipeline de données Pandas.
Get Out,horreur,104,4.1,2017,Jordan Peele,Get Out Anniversary Edition,M358,LENT,Synopsis de test généré par le pipeline de données Pandas.
Blade Runner 2049,sci fi,164,4.4,2017,Denis Villeneuve,Blade Runner 2049 Anniversary Edition,M359,fast,Synopsis de test généré par le pipeline de données Pandas.
Parasite,thriller,132,4.6,2019,Bong Joon Ho,Parasite Anniversary Edition,M360,fast,Synopsis de test généré par le pipeline de données Pandas.
Inception,science fiction,148,4.8,2010,Christopher Nolan,Inception Director's Cut,M361,LENT,Synopsis de test généré par le pipeline de données Pandas.
Interstellar,sci-fi,-169,4.7.0.0,,Christopher Nolan,Interstellar Director's Cut,M362,fast,Synopsis de test généré par le pipeline de données Pandas.
The Matrix,action,136,9.5,1999,Lana Wachowski,The Matrix Director's Cut,M363,fast,Synopsis de test généré par le pipeline de données Pandas.
Avatar,thriler,9999,4.1,2009,James Cameron,Avatar Director's Cut,M364,LENT,Synopsis de test généré par le pipeline de données Pandas.
Gladiator,drama,155,NaN,2000,Ridley Scott,Gladiator Director's Cut,M365,fast,Synopsis de test généré par le pipeline de données Pandas.
The Dark Knight,action,152,4.9,2008,Christopher Nolan,The Dark Knight Director's Cut,M366,fast,Synopsis de test généré par le pipeline de données Pandas.
Toy Story,animation,81,4.3,1995,John Lasseter,Toy Story Director's Cut,M367,LENT,Synopsis de test généré par le pipeline de données Pandas.
The Conjuring,horror,112,3.9,2013,James Wan,The Conjuring Director's Cut,M368,fast,Synopsis de test généré par le pipeline de données Pandas.
La La Land,romance,128,4.2,2016,Damien Chazelle,La La Land Director's Cut,M369,fast,Synopsis de test généré par le pipeline de données Pandas.
The Hangover,comedy,100,3.8,2009,Todd Phillips,The Hangover Director's Cut,M370,LENT,Synopsis de test généré par le pipeline de données Pandas.
Seven,thriller,127,4.6,1995,David Fincher,Seven Director's Cut,M371,fast,Synopsis de test généré par le pipeline de données Pandas.
Spirited Away,animation,125,4.8,2001,Hayao Miyazaki,Spirited Away Director's Cut,M372,fast,Synopsis de test généré par le pipeline de données Pandas.
Pulp Fiction,drama,154,4.5,1994,Quentin Tarantino,Pulp Fiction Director's Cut,M373,LENT,Synopsis de test généré par le pipeline de données Pandas.
Titanic,romance,194,4.0,1997,James Cameron,Titanic Director's Cut,M374,fast,Synopsis de test généré par le pipeline de données Pandas.
Superbad,comedy,-113,3.7,2007,Greg Mottola,Superbad Director's Cut,M375,fast,Synopsis de test généré par le pipeline de données Pandas.
Get Out,horreur,104,4.1,2017,Jordan Peele,Get Out Director's Cut,M376,LENT,Synopsis de test généré par le pipeline de données Pandas.
Blade Runner 2049,sci fi,164,4.4,2017,Denis Villeneuve,Blade Runner 2049 Director's Cut,M377,fast,Synopsis de test généré par le pipeline de données Pandas.
Parasite,thriller,132,4.6,2019,Bong Joon Ho,Parasite Director's Cut,M378,fast,Synopsis de test généré par le pipeline de données Pandas.
Inception,science fiction,148,4.8,2010,Christopher Nolan,Inception Final Cut,M379,LENT,Synopsis de test généré par le pipeline de données Pandas.
Interstellar,sci-fi,-169,4.7.0.0,,Christopher Nolan,Interstellar Final Cut,M380,fast,Synopsis de test généré par le pipeline de données Pandas.
The Matrix,action,136,9.5,1999,Lana Wachowski,The Matrix Final Cut,M381,fast,Synopsis de test généré par le pipeline de données Pandas.
Avatar,thriler,9999,4.1,2009,James Cameron,Avatar Final Cut,M382,LENT,Synopsis de test généré par le pipeline de données Pandas.
Gladiator,drama,155,NaN,2000,Ridley Scott,Gladiator Final Cut,M383,fast,Synopsis de test généré par le pipeline de données Pandas.
The Dark Knight,action,152,4.9,2008,Christopher Nolan,The Dark Knight Final Cut,M384,fast,Synopsis de test généré par le pipeline de données Pandas.
Toy Story,animation,81,4.3,1995,John Lasseter,Toy Story Final Cut,M385,LENT,Synopsis de test généré par le pipeline de données Pandas.
The Conjuring,horror,112,3.9,2013,James Wan,The Conjuring Final Cut,M386,fast,Synopsis de test généré par le pipeline de données Pandas.
La La Land,romance,128,4.2,2016,Damien Chazelle,La La Land Final Cut,M387,fast,Synopsis de test généré par le pipeline de données Pandas.
The Hangover,comedy,100,3.8,2009,Todd Phillips,The Hangover Final Cut,M388,LENT,Synopsis de test généré par le pipeline de données Pandas.
Seven,thriller,127,4.6,1995,David Fincher,Seven Final Cut,M389,fast,Synopsis de test généré par le pipeline de données Pandas.
Spirited Away,animation,125,4.8,2001,Hayao Miyazaki,Spirited Away Final Cut,M390,fast,Synopsis de test généré par le pipeline de données Pandas.
Pulp Fiction,drama,154,4.5,1994,Quentin Tarantino,Pulp Fiction Final Cut,M391,LENT,Synopsis de test généré par le pipeline de données Pandas.
Titanic,romance,194,4.0,1997,James Cameron,Titanic Final Cut,M392,fast,Synopsis de test généré par le pipeline de données Pandas.
Superbad,comedy,-113,3.7,2007,Greg Mottola,Superbad Final Cut,M393,fast,Synopsis de test généré par le pipeline de données Pandas.
Get Out,horreur,104,4.1,2017,Jordan Peele,Get Out Final Cut,M394,LENT,Synopsis de test généré par le pipeline de données Pandas.
Blade Runner 2049,sci fi,164,4.4,2017,Denis Villeneuve,Blade Runner 2049 Final Cut,M395,fast,Synopsis de test généré par le pipeline de données Pandas.
Parasite,thriller,132,4.6,2019,Bong Joon Ho,Parasite Final Cut,M396,fast,Synopsis de test généré par le pipeline de données Pandas.
Inception,science fiction,148,4.8,2010,Christopher Nolan,Inception Gold Edition,M397,LENT,Synopsis de test généré par le pipeline de données Pandas.
Interstellar,sci-fi,-169,4.7.0.0,,Christopher Nolan,Interstellar Gold Edition,M398,fast,Synopsis de test généré par le pipeline de données Pandas.
The Matrix,action,136,9.5,1999,Lana Wachowski,The Matrix Gold Edition,M399,fast,Synopsis de test généré par le pipeline de données Pandas.
Avatar,thriler,9999,4.1,2009,James Cameron,Avatar Gold Edition,M400,LENT,Synopsis de test généré par le pipeline de données Pandas.
,,,,,,,,,
The Dark Knight,action,152,4.9,2008,Christopher Nolan,The Dark Knight Gold Edition,M402,fast,Synopsis de test généré par le pipeline de données Pandas.
Toy Story,animation,81,4.3,1995,John Lasseter,Toy Story Gold Edition,M403,LENT,Synopsis de test généré par le pipeline de données Pandas.
The Conjuring,horror,112,3.9,2013,James Wan,The Conjuring Gold Edition,M404,fast,Synopsis de test généré par le pipeline de données Pandas.
La La Land,romance,128,4.2,2016,Damien Chazelle,La La Land Gold Edition,M405,fast,Synopsis de test généré par le pipeline de données Pandas.
The Hangover,comedy,100,3.8,2009,Todd Phillips,The Hangover Gold Edition,M406,LENT,Synopsis de test généré par le pipeline de données Pandas.
Seven,thriller,127,4.6,1995,David Fincher,Seven Gold Edition,M407,fast,Synopsis de test généré par le pipeline de données Pandas.
Spirited Away,animation,125,4.8,2001,Hayao Miyazaki,Spirited Away Gold Edition,M408,fast,Synopsis de test généré par le pipeline de données Pandas.
Pulp Fiction,drama,154,4.5,1994,Quentin Tarantino,Pulp Fiction Gold Edition,M409,LENT,Synopsis de test généré par le pipeline de données Pandas.
Titanic,romance,194,4.0,1997,James Cameron,Titanic Gold Edition,M410,fast,Synopsis de test généré par le pipeline de données Pandas.
Superbad,comedy,-113,3.7,2007,Greg Mottola,Superbad Gold Edition,M411,fast,Synopsis de test généré par le pipeline de données Pandas.
Get Out,horreur,104,4.1,2017,Jordan Peele,Get Out Gold Edition,M412,LENT,Synopsis de test généré par le pipeline de données Pandas.
Blade Runner 2049,sci fi,164,4.4,2017,Denis Villeneuve,Blade Runner 2049 Gold Edition,M413,fast,Synopsis de test généré par le pipeline de données Pandas.
Parasite,thriller,132,4.6,2019,Bong Joon Ho,Parasite Gold Edition,M414,fast,Synopsis de test généré par le pipeline de données Pandas.
Inception,science fiction,148,4.8,2010,Christopher Nolan,Inception Redux,M415,LENT,Synopsis de test généré par le pipeline de données Pandas.
Interstellar,sci-fi,-169,4.7.0.0,,Christopher Nolan,Interstellar Redux,M416,fast,Synopsis de test généré par le pipeline de données Pandas.
The Matrix,action,136,9.5,1999,Lana Wachowski,The Matrix Redux,M417,fast,Synopsis de test généré par le pipeline de données Pandas.
Avatar,thriler,9999,4.1,2009,James Cameron,Avatar Redux,M418,LENT,Synopsis de test généré par le pipeline de données Pandas.
Gladiator,drama,155,NaN,2000,Ridley Scott,Gladiator Redux,M419,fast,Synopsis de test généré par le pipeline de données Pandas.
The Dark Knight,action,152,4.9,2008,Christopher Nolan,The Dark Knight Redux,M420,fast,Synopsis de test généré par le pipeline de données Pandas.
Toy Story,animation,81,4.3,1995,John Lasseter,Toy Story Redux,M421,LENT,Synopsis de test généré par le pipeline de données Pandas.
The Conjuring,horror,112,3.9,2013,James Wan,The Conjuring Redux,M422,fast,Synopsis de test généré par le pipeline de données Pandas.
La La Land,romance,128,4.2,2016,Damien Chazelle,La La Land Redux,M423,fast,Synopsis de test généré par le pipeline de données Pandas.
The Hangover,comedy,100,3.8,2009,Todd Phillips,The Hangover Redux,M424,LENT,Synopsis de test généré par le pipeline de données Pandas.
Seven,thriller,127,4.6,1995,David Fincher,Seven Redux,M425,fast,Synopsis de test généré par le pipeline de données Pandas.
Spirited Away,animation,125,4.8,2001,Hayao Miyazaki,Spirited Away Redux,M426,fast,Synopsis de test généré par le pipeline de données Pandas.
Pulp Fiction,drama,154,4.5,1994,Quentin Tarantino,Pulp Fiction Redux,M427,LENT,Synopsis de test généré par le pipeline de données Pandas.
Titanic,romance,194,4.0,1997,James Cameron,Titanic Redux,M428,fast,Synopsis de test généré par le pipeline de données Pandas.
Superbad,comedy,-113,3.7,2007,Greg Mottola,Superbad Redux,M429,fast,Synopsis de test généré par le pipeline de données Pandas.
Get Out,horreur,104,4.1,2017,Jordan Peele,Get Out Redux,M430,LENT,Synopsis de test généré par le pipeline de données Pandas.
Blade Runner 2049,sci fi,164,4.4,2017,Denis Villeneuve,Blade Runner 2049 Redux,M431,fast,Synopsis de test généré par le pipeline de données Pandas.
Parasite,thriller,132,4.6,2019,Bong Joon Ho,Parasite Redux,M432,fast,Synopsis de test généré par le pipeline de données Pandas.
Inception,science fiction,148,4.8,2010,Christopher Nolan,Inception Beyond,M433,LENT,Synopsis de test généré par le pipeline de données Pandas.
Interstellar,sci-fi,-169,4.7.0.0,,Christopher Nolan,Interstellar Beyond,M434,fast,Synopsis de test généré par le pipeline de données Pandas.
The Matrix,action,136,9.5,1999,Lana Wachowski,The Matrix Beyond,M435,fast,Synopsis de test généré par le pipeline de données Pandas.
Avatar,thriler,9999,4.1,2009,James Cameron,Avatar Beyond,M436,LENT,Synopsis de test généré par le pipeline de données Pandas.
Gladiator,drama,155,NaN,2000,Ridley Scott,Gladiator Beyond,M437,fast,Synopsis de test généré par le pipeline de données Pandas.
The Dark Knight,action,152,4.9,2008,Christopher Nolan,The Dark Knight Beyond,M438,fast,Synopsis de test généré par le pipeline de données Pandas.
Toy Story,animation,81,4.3,1995,John Lasseter,Toy Story Beyond,M439,LENT,Synopsis de test généré par le pipeline de données Pandas.
The Conjuring,horror,112,3.9,2013,James Wan,The Conjuring Beyond,M440,fast,Synopsis de test généré par le pipeline de données Pandas.
La La Land,romance,128,4.2,2016,Damien Chazelle,La La Land Beyond,M441,fast,Synopsis de test généré par le pipeline de données Pandas.
The Hangover,comedy,100,3.8,2009,Todd Phillips,The Hangover Beyond,M442,LENT,Synopsis de test généré par le pipeline de données Pandas.
Seven,thriller,127,4.6,1995,David Fincher,Seven Beyond,M443,fast,Synopsis de test généré par le pipeline de données Pandas.
Spirited Away,animation,125,4.8,2001,Hayao Miyazaki,Spirited Away Beyond,M444,fast,Synopsis de test généré par le pipeline de données Pandas.
Pulp Fiction,drama,154,4.5,1994,Quentin Tarantino,Pulp Fiction Beyond,M445,LENT,Synopsis de test généré par le pipeline de données Pandas.
Titanic,romance,194,4.0,1997,James Cameron,Titanic Beyond,M446,fast,Synopsis de test généré par le pipeline de données Pandas.
Superbad,comedy,-113,3.7,2007,Greg Mottola,Superbad Beyond,M447,fast,Synopsis de test généré par le pipeline de données Pandas.
Get Out,horreur,104,4.1,2017,Jordan Peele,Get Out Beyond,M448,LENT,Synopsis de test généré par le pipeline de données Pandas.
Blade Runner 2049,sci fi,164,4.4,2017,Denis Villeneuve,Blade Runner 2049 Beyond,M449,fast,Synopsis de test généré par le pipeline de données Pandas.
Parasite,thriller,132,4.6,2019,Bong Joon Ho,Parasite Beyond,M450,fast,Synopsis de test généré par le pipeline de données Pandas.
,,,,,,,,,
Interstellar,sci-fi,-169,4.7.0.0,,Christopher Nolan,Interstellar Original,M002,fast,Synopsis de test généré par le pipeline de données Pandas.
The Matrix,action,136,9.5,1999,Lana Wachowski,The Matrix Original,M003,fast,Synopsis de test généré par le pipeline de données Pandas.
Avatar,thriler,9999,4.1,2009,James Cameron,Avatar Original,M004,LENT,Synopsis de test généré par le pipeline de données Pandas.
Gladiator,drama,155,NaN,2000,Ridley Scott,Gladiator Original,M005,fast,Synopsis de test généré par le pipeline de données Pandas.
