name_base,age,profile_type,user_id,name
Brou,22,mixed,U001,Brou_0
Alice,-5,comedy,U002,Alice_1
Bob,35,action,U003,Bob_2
Charlie,,sci-fi,U004,Charlie_3
Thomas,18,horror,U005,Thomas_4
Georges,23,thriller,U006,Georges_5
Julie,31,romance,U007,Julie_6
Sarah,-12,animation,U008,Sarah_7
Marc,45,drama,U009,Marc_8
Sophie,62,mixed,U010,Sophie_9
Brou,22,mixed,U011,Brou_10
Alice,-5,comedy,U012,Alice_11
Bob,35,action,U013,Bob_12
Charlie,,sci-fi,U014,Charlie_13
Thomas,18,horror,U015,Thomas_14
Georges,23,thriller,U016,Georges_15
Julie,31,romance,U017,Julie_16
Sarah,-12,animation,U018,Sarah_17
Marc,45,drama,U019,Marc_18
Sophie,62,mixed,U020,Sophie_19
Brou,22,mixed,U021,Brou_20
Alice,-5,comedy,U022,Alice_21
Bob,35,action,U023,Bob_22
Charlie,,sci-fi,U024,Charlie_23
Thomas,18,horror,U025,Thomas_24
Georges,23,thriller,U026,Georges_25
Julie,31,romance,U027,Julie_26
Sarah,-12,animation,U028,Sarah_27
Marc,45,drama,U029,Marc_28
Sophie,62,mixed,U030,Sophie_29
Brou,22,mixed,U031,Brou_30
Alice,-5,comedy,U032,Alice_31
Bob,35,action,U033,Bob_32
Charlie,,sci-fi,U034,Charlie_33
Thomas,18,horror,U035,Thomas_34
Georges,23,thriller,U036,Georges_35
Julie,31,romance,U037,Julie_36
Sarah,-12,animation,U038,Sarah_37
Marc,45,drama,U039,Marc_38
Sophie,62,mixed,U040,Sophie_39
Brou,22,mixed,U041,Brou_40
Alice,-5,comedy,U042,Alice_41
Bob,35,action,U043,Bob_42
Charlie,,sci-fi,U044,Charlie_43
Thomas,18,horror,U045,Thomas_44
Georges,23,thriller,U046,Georges_45
Julie,31,romance,U047,Julie_46
Sarah,-12,animation,U048,Sarah_47
Marc,45,drama,U049,Marc_48
Sophie,62,mixed,U050,Sophie_49
Brou,22,mixed,U051,Brou_50
Alice,-5,comedy,U052,Alice_51
Bob,35,action,U053,Bob_52
Charlie,,sci-fi,U054,Charlie_53
Thomas,18,horror,U055,Thomas_54
Georges,23,thriller,U056,Georges_55
Julie,31,romance,U057,Julie_56
Sarah,-12,animation,U058,Sarah_57
Marc,45,drama,U059,Marc_58
Sophie,62,mixed,U060,Sophie_59
Brou,22,mixed,U061,Brou_60
Alice,-5,comedy,U062,Alice_61
Bob,35,action,U063,Bob_62
Charlie,,sci-fi,U064,Charlie_63
Thomas,18,horror,U065,Thomas_64
Georges,23,thriller,U066,Georges_65
Julie,31,romance,U067,Julie_66
Sarah,-12,animation,U068,Sarah_67
Marc,45,drama,U069,Marc_68
Sophie,62,mixed,U070,Sophie_69
Brou,22,mixed,U071,Brou_70
Alice,-5,comedy,U072,Alice_71
Bob,35,action,U073,Bob_72
Charlie,,sci-fi,U074,Charlie_73
Thomas,18,horror,U075,Thomas_74
Georges,23,thriller,U076,Georges_75
Julie,31,romance,U077,Julie_76
Sarah,-12,animation,U078,Sarah_77
Marc,45,drama,U079,Marc_78
Sophie,62,mixed,U080,Sophie_79
Brou,22,mixed,U081,Brou_80
Alice,-5,comedy,U082,Alice_81
Bob,35,action,U083,Bob_82
Charlie,,sci-fi,U084,Charlie_83
Thomas,18,horror,U085,Thomas_84
Georges,23,thriller,U086,Georges_85
Julie,31,romance,U087,Julie_86
Sarah,-12,animation,U088,Sarah_87
Marc,45,drama,U089,Marc_88
Sophie,62,mixed,U090,Sophie_89
Brou,22,mixed,U091,Brou_90
Alice,-5,comedy,U092,Alice_91
Bob,35,action,U093,Bob_92
Charlie,,sci-fi,U094,Charlie_93
Thomas,18,horror,U095,Thomas_94
Georges,23,thriller,U096,Georges_95
Julie,31,romance,U097,Julie_96
Sarah,-12,animation,U098,Sarah_97
Marc,45,drama,U099,Marc_98
Sophie,62,mixed,U100,Sophie_99
Brou,22,mixed,U101,Brou_100
Alice,-5,comedy,U102,Alice_101
Bob,35,action,U103,Bob_102
Charlie,,sci-fi,U104,Charlie_103
Thomas,18,horror,U105,Thomas_104
Georges,23,thriller,U106,Georges_105
Julie,31,romance,U107,Julie_106
Sarah,-12,animation,U108,Sarah_107
Marc,45,drama,U109,Marc_108
Sophie,62,mixed,U110,Sophie_109
Brou,22,mixed,U111,Brou_110
Alice,-5,comedy,U112,Alice_111
Bob,35,action,U113,Bob_112
Charlie,,sci-fi,U114,Charlie_113
Thomas,18,horror,U115,Thomas_114
Georges,23,thriller,U116,Georges_115
Julie,31,romance,U117,Julie_116
Sarah,-12,animation,U118,Sarah_117
Marc,45,drama,U119,Marc_118
Sophie,62,mixed,U120,Sophie_119
Brou,22,mixed,U121,Brou_120
Alice,-5,comedy,U122,Alice_121
Bob,35,action,U123,Bob_122
Charlie,,sci-fi,U124,Charlie_123
Thomas,18,horror,U125,Thomas_124
Georges,23,thriller,U126,Georges_125
Julie,31,romance,U127,Julie_126
Sarah,-12,animation,U128,Sarah_127
Marc,45,drama,U129,Marc_128
Sophie,62,mixed,U130,Sophie_129
Brou,22,mixed,U131,Brou_130
Alice,-5,comedy,U132,Alice_131
Bob,35,action,U133,Bob_132
Charlie,,sci-fi,U134,Charlie_133
Thomas,18,horror,U135,Thomas_134
Georges,23,thriller,U136,Georges_135
Julie,31,romance,U137,Julie_136
Sarah,-12,animation,U138,Sarah_137
Marc,45,drama,U139,Marc_138
Sophie,62,mixed,U140,Sophie_139
Brou,22,mixed,U141,Brou_140
Alice,-5,comedy,U142,Alice_141
Bob,35,action,U143,Bob_142
Charlie,,sci-fi,U144,Charlie_143
Thomas,18,horror,U145,Thomas_144
Georges,23,thriller,U146,Georges_145
Julie,31,romance,U147,Julie_146
Sarah,-12,animation,U148,Sarah_147
Marc,45,drama,U149,Marc_148
Sophie,62,mixed,U150,Sophie_149
Brou,22,mixed,U151,Brou_150
Alice,-5,comedy,U152,Alice_151
Bob,35,action,U153,Bob_152
Charlie,,sci-fi,U154,Charlie_153
Thomas,18,horror,U155,Thomas_154
Georges,23,thriller,U156,Georges_155
Julie,31,romance,U157,Julie_156
Sarah,-12,animation,U158,Sarah_157
Marc,45,drama,U159,Marc_158
Sophie,62,mixed,U160,Sophie_159
Brou,22,mixed,U161,Brou_160
Alice,-5,comedy,U162,Alice_161
Bob,35,action,U163,Bob_162
Charlie,,sci-fi,U164,Charlie_163
Thomas,18,horror,U165,Thomas_164
Georges,23,thriller,U166,Georges_165
Julie,31,romance,U167,Julie_166
Sarah,-12,animation,U168,Sarah_167
Marc,45,drama,U169,Marc_168
Sophie,62,mixed,U170,Sophie_169
Brou,22,mixed,U171,Brou_170
Alice,-5,comedy,U172,Alice_171
Bob,35,action,U173,Bob_172
Charlie,,sci-fi,U174,Charlie_173
Thomas,18,horror,U175,Thomas_174
Georges,23,thriller,U176,Georges_175
Julie,31,romance,U177,Julie_176
Sarah,-12,animation,U178,Sarah_177
Marc,45,drama,U179,Marc_178
Sophie,62,mixed,U180,Sophie_179
Brou,22,mixed,U181,Brou_180
Alice,-5,comedy,U182,Alice_181
Bob,35,action,U183,Bob_182
Charlie,,sci-fi,U184,Charlie_183
Thomas,18,horror,U185,Thomas_184
Georges,23,thriller,U186,Georges_185
Julie,31,romance,U187,Julie_186
Sarah,-12,animation,U188,Sarah_187
Marc,45,drama,U189,Marc_188
Sophie,62,mixed,U190,Sophie_189
Brou,22,mixed,U191,Brou_190
Alice,-5,comedy,U192,Alice_191
Bob,35,action,U193,Bob_192
Charlie,,sci-fi,U194,Charlie_193
Thomas,18,horror,U195,Thomas_194
Georges,23,thriller,U196,Georges_195
Julie,31,romance,U197,Julie_196
Sarah,-12,animation,U198,Sarah_197
Marc,45,drama,U199,Marc_198
Sophie,62,mixed,U200,Sophie_199
Brou,22,mixed,U201,Brou_200
Alice,-5,comedy,U202,Alice_201
Bob,35,action,U203,Bob_202
Charlie,,sci-fi,U204,Charlie_203
Thomas,18,horror,U205,Thomas_204
Georges,23,thriller,U206,Georges_205
Julie,31,romance,U207,Julie_206
Sarah,-12,animation,U208,Sarah_207
Marc,45,drama,U209,Marc_208
Sophie,62,mixed,U210,Sophie_209
Brou,22,mixed,U211,Brou_210
Alice,-5,comedy,U212,Alice_211
Bob,35,action,U213,Bob_212
Charlie,,sci-fi,U214,Charlie_213
Thomas,18,horror,U215,Thomas_214
Georges,23,thriller,U216,Georges_215
Julie,31,romance,U217,Julie_216
Sarah,-12,animation,U218,Sarah_217
Marc,45,drama,U219,Marc_218
Sophie,62,mixed,U220,Sophie_219
Brou,22,mixed,U221,Brou_220
Alice,-5,comedy,U222,Alice_221
Bob,35,action,U223,Bob_222
Charlie,,sci-fi,U224,Charlie_223
Thomas,18,horror,U225,Thomas_224
Georges,23,thriller,U226,Georges_225
Julie,31,romance,U227,Julie_226
Sarah,-12,animation,U228,Sarah_227
Marc,45,drama,U229,Marc_228
Sophie,62,mixed,U230,Sophie_229
Brou,22,mixed,U231,Brou_230
Alice,-5,comedy,U232,Alice_231
Bob,35,action,U233,Bob_232
Charlie,,sci-fi,U234,Charlie_233
Thomas,18,horror,U235,Thomas_234
Georges,23,thriller,U236,Georges_235
Julie,31,romance,U237,Julie_236
Sarah,-12,animation,U238,Sarah_237
Marc,45,drama,U239,Marc_238
Sophie,62,mixed,U240,Sophie_239
Brou,22,mixed,U241,Brou_240
Alice,-5,comedy,U242,Alice_241
Bob,35,action,U243,Bob_242
Charlie,,sci-fi,U244,Charlie_243
Thomas,18,horror,U245,Thomas_244
Georges,23,thriller,U246,Georges_245
Julie,31,romance,U247,Julie_246
Sarah,-12,animation,U248,Sarah_247
Marc,45,drama,U249,Marc_248
Sophie,62,mixed,U250,Sophie_249
Brou,22,mixed,U251,Brou_250
Alice,-5,comedy,U252,Alice_251
Bob,35,action,U253,Bob_252
Charlie,,sci-fi,U254,Charlie_253
Thomas,18,horror,U255,Thomas_254
Georges,23,thriller,U256,Georges_255
Julie,31,romance,U257,Julie_256
Sarah,-12,animation,U258,Sarah_257
Marc,45,drama,U259,Marc_258
Sophie,62,mixed,U260,Sophie_259
Brou,22,mixed,U261,Brou_260
Alice,-5,comedy,U262,Alice_261
Bob,35,action,U263,Bob_262
Charlie,,sci-fi,U264,Charlie_263
Thomas,18,horror,U265,Thomas_264
Georges,23,thriller,U266,Georges_265
Julie,31,romance,U267,Julie_266
Sarah,-12,animation,U268,Sarah_267
Marc,45,drama,U269,Marc_268
Sophie,62,mixed,U270,Sophie_269
Brou,22,mixed,U271,Brou_270
Alice,-5,comedy,U272,Alice_271
Bob,35,action,U273,Bob_272
Charlie,,sci-fi,U274,Charlie_273
Thomas,18,horror,U275,Thomas_274
Georges,23,thriller,U276,Georges_275
Julie,31,romance,U277,Julie_276
Sarah,-12,animation,U278,Sarah_277
Marc,45,drama,U279,Marc_278
Sophie,62,mixed,U280,Sophie_279
Brou,22,mixed,U281,Brou_280
Alice,-5,comedy,U282,Alice_281
Bob,35,action,U283,Bob_282
Charlie,,sci-fi,U284,Charlie_283
Thomas,18,horror,U285,Thomas_284
Georges,23,thriller,U286,Georges_285
Julie,31,romance,U287,Julie_286
Sarah,-12,animation,U288,Sarah_287
Marc,45,drama,U289,Marc_288
Sophie,62,mixed,U290,Sophie_289
Brou,22,mixed,U291,Brou_290
Alice,-5,comedy,U292,Alice_291
Bob,35,action,U293,Bob_292
Charlie,,sci-fi,U294,Charlie_293
Thomas,18,horror,U295,Thomas_294
Georges,23,thriller,U296,Georges_295
Julie,31,romance,U297,Julie_296
Sarah,-12,animation,U298,Sarah_297
Marc,45,drama,U299,Marc_298
Sophie,62,mixed,U300,Sophie_299
Brou,22,mixed,U301,Brou_300
Alice,-5,comedy,U302,Alice_301
Bob,35,action,U303,Bob_302
Charlie,,sci-fi,U304,Charlie_303
Thomas,18,horror,U305,Thomas_304
Georges,23,thriller,U306,Georges_305
Julie,31,romance,U307,Julie_306
Sarah,-12,animation,U308,Sarah_307
Marc,45,drama,U309,Marc_308
Sophie,62,mixed,U310,Sophie_309
Brou,22,mixed,U311,Brou_310
Alice,-5,comedy,U312,Alice_311
Bob,35,action,U313,Bob_312
Charlie,,sci-fi,U314,Charlie_313
Thomas,18,horror,U315,Thomas_314
Georges,23,thriller,U316,Georges_315
Julie,31,romance,U317,Julie_316
Sarah,-12,animation,U318,Sarah_317
Marc,45,drama,U319,Marc_318
Sophie,62,mixed,U320,Sophie_319
Brou,22,mixed,U321,Brou_320
Alice,-5,comedy,U322,Alice_321
Bob,35,action,U323,Bob_322
Charlie,,sci-fi,U324,Charlie_323
Thomas,18,horror,U325,Thomas_324
Georges,23,thriller,U326,Georges_325
Julie,31,romance,U327,Julie_326
Sarah,-12,animation,U328,Sarah_327
Marc,45,drama,U329,Marc_328
Sophie,62,mixed,U330,Sophie_329
Brou,22,mixed,U331,Brou_330
Alice,-5,comedy,U332,Alice_331
Bob,35,action,U333,Bob_332
Charlie,,sci-fi,U334,Charlie_333
Thomas,18,horror,U335,Thomas_334
Georges,23,thriller,U336,Georges_335
Julie,31,romance,U337,Julie_336
Sarah,-12,animation,U338,Sarah_337
Marc,45,drama,U339,Marc_338
Sophie,62,mixed,U340,Sophie_339
Brou,22,mixed,U341,Brou_340
Alice,-5,comedy,U342,Alice_341
Bob,35,action,U343,Bob_342
Charlie,,sci-fi,U344,Charlie_343
Thomas,18,horror,U345,Thomas_344
Georges,23,thriller,U346,Georges_345
Julie,31,romance,U347,Julie_346
Sarah,-12,animation,U348,Sarah_347
Marc,45,drama,U349,Marc_348
Sophie,62,mixed,U350,Sophie_349
Brou,22,mixed,U351,Brou_350
Alice,-5,comedy,U352,Alice_351
Bob,35,action,U353,Bob_352
Charlie,,sci-fi,U354,Charlie_353
Thomas,18,horror,U355,Thomas_354
Georges,23,thriller,U356,Georges_355
Julie,31,romance,U357,Julie_356
Sarah,-12,animation,U358,Sarah_357
Marc,45,drama,U359,Marc_358
Sophie,62,mixed,U360,Sophie_359
Brou,22,mixed,U361,Brou_360
Alice,-5,comedy,U362,Alice_361
Bob,35,action,U363,Bob_362
Charlie,,sci-fi,U364,Charlie_363
Thomas,18,horror,U365,Thomas_364
Georges,23,thriller,U366,Georges_365
Julie,31,romance,U367,Julie_366
Sarah,-12,animation,U368,Sarah_367
Marc,45,drama,U369,Marc_368
Sophie,62,mixed,U370,Sophie_369
Brou,22,mixed,U371,Brou_370
Alice,-5,comedy,U372,Alice_371
Bob,35,action,U373,Bob_372
Charlie,,sci-fi,U374,Charlie_373
Thomas,18,horror,U375,Thomas_374
Georges,23,thriller,U376,Georges_375
Julie,31,romance,U377,Julie_376
Sarah,-12,animation,U378,Sarah_377
Marc,45,drama,U379,Marc_378
Sophie,62,mixed,U380,Sophie_379
Brou,22,mixed,U381,Brou_380
Alice,-5,comedy,U382,Alice_381
Bob,35,action,U383,Bob_382
Charlie,,sci-fi,U384,Charlie_383
Thomas,18,horror,U385,Thomas_384
Georges,23,thriller,U386,Georges_385
Julie,31,romance,U387,Julie_386
Sarah,-12,animation,U388,Sarah_387
Marc,45,drama,U389,Marc_388
Sophie,62,mixed,U390,Sophie_389
Brou,22,mixed,U391,Brou_390
Alice,-5,comedy,U392,Alice_391
Bob,35,action,U393,Bob_392
Charlie,,sci-fi,U394,Charlie_393
Thomas,18,horror,U395,Thomas_394
Georges,23,thriller,U396,Georges_395
Julie,31,romance,U397,Julie_396
Sarah,-12,animation,U398,Sarah_397
Marc,45,drama,U399,Marc_398
Sophie,62,mixed,U400,Sophie_399
Brou,22,mixed,U401,Brou_400
Alice,-5,comedy,U402,Alice_401
Bob,35,action,U403,Bob_402
Charlie,,sci-fi,U404,Charlie_403
Thomas,18,horror,U405,Thomas_404
Georges,23,thriller,U406,Georges_405
Julie,31,romance,U407,Julie_406
Sarah,-12,animation,U408,Sarah_407
Marc,45,drama,U409,Marc_408
Sophie,62,mixed,U410,Sophie_409
Brou,22,mixed,U411,Brou_410
Alice,-5,comedy,U412,Alice_411
Bob,35,action,U413,Bob_412
Charlie,,sci-fi,U414,Charlie_413
Thomas,18,horror,U415,Thomas_414
Georges,23,thriller,U416,Georges_415
Julie,31,romance,U417,Julie_416
Sarah,-12,animation,U418,Sarah_417
Marc,45,drama,U419,Marc_418
Sophie,62,mixed,U420,Sophie_419
Brou,22,mixed,U421,Brou_420
Alice,-5,comedy,U422,Alice_421
Bob,35,action,U423,Bob_422
Charlie,,sci-fi,U424,Charlie_423
Thomas,18,horror,U425,Thomas_424
Georges,23,thriller,U426,Georges_425
Julie,31,romance,U427,Julie_426
Sarah,-12,animation,U428,Sarah_427
Marc,45,drama,U429,Marc_428
Sophie,62,mixed,U430,Sophie_429
Brou,22,mixed,U431,Brou_430
Alice,-5,comedy,U432,Alice_431
Bob,35,action,U433,Bob_432
Charlie,,sci-fi,U434,Charlie_433
Thomas,18,horror,U435,Thomas_434
Georges,23,thriller,U436,Georges_435
Julie,31,romance,U437,Julie_436
Sarah,-12,animation,U438,Sarah_437
Marc,45,drama,U439,Marc_438
Sophie,62,mixed,U440,Sophie_439
Brou,22,mixed,U441,Brou_440
Alice,-5,comedy,U442,Alice_441
Bob,35,action,U443,Bob_442
Charlie,,sci-fi,U444,Charlie_443
Thomas,18,horror,U445,Thomas_444
Georges,23,thriller,U446,Georges_445
Julie,31,romance,U447,Julie_446
Sarah,-12,animation,U448,Sarah_447
Marc,45,drama,U449,Marc_448
Sophie,62,mixed,U450,Sophie_449
Brou,22,mixed,U451,Brou_450
Alice,-5,comedy,U452,Alice_451
Bob,35,action,U453,Bob_452
Charlie,,sci-fi,U454,Charlie_453
Thomas,18,horror,U455,Thomas_454
Georges,23,thriller,U456,Georges_455
Julie,31,romance,U457,Julie_456
Sarah,-12,animation,U458,Sarah_457
Marc,45,drama,U459,Marc_458
Sophie,62,mixed,U460,Sophie_459
Brou,22,mixed,U461,Brou_460
Alice,-5,comedy,U462,Alice_461
Bob,35,action,U463,Bob_462
Charlie,,sci-fi,U464,Charlie_463
Thomas,18,horror,U465,Thomas_464
Georges,23,thriller,U466,Georges_465
Julie,31,romance,U467,Julie_466
Sarah,-12,animation,U468,Sarah_467
Marc,45,drama,U469,Marc_468
Sophie,62,mixed,U470,Sophie_469
Brou,22,mixed,U471,Brou_470
Alice,-5,comedy,U472,Alice_471
Bob,35,action,U473,Bob_472
Charlie,,sci-fi,U474,Charlie_473
Thomas,18,horror,U475,Thomas_474
Georges,23,thriller,U476,Georges_475
Julie,31,romance,U477,Julie_476
Sarah,-12,animation,U478,Sarah_477
Marc,45,drama,U479,Marc_478
Sophie,62,mixed,U480,Sophie_479
Brou,22,mixed,U481,Brou_480
Alice,-5,comedy,U482,Alice_481
Bob,35,action,U483,Bob_482
Charlie,,sci-fi,U484,Charlie_483
Thomas,18,horror,U485,Thomas_484
Georges,23,thriller,U486,Georges_485
Julie,31,romance,U487,Julie_486
Sarah,-12,animation,U488,Sarah_487
Marc,45,drama,U489,Marc_488
Sophie,62,mixed,U490,Sophie_489
Brou,22,mixed,U491,Brou_490
Alice,-5,comedy,U492,Alice_491
Bob,35,action,U493,Bob_492
Charlie,,sci-fi,U494,Charlie_493
Thomas,18,horror,U495,Thomas_494
Georges,23,thriller,U496,Georges_495
Julie,31,romance,U497,Julie_496
Sarah,-12,animation,U498,Sarah_497
Marc,45,drama,U499,Marc_498
Sophie,62,mixed,U500,Sophie_499
Brou,22,mixed,U501,Brou_500
Alice,-5,comedy,U502,Alice_501
Bob,35,action,U503,Bob_502
Charlie,,sci-fi,U504,Charlie_503
Thomas,18,horror,U505,Thomas_504
Georges,23,thriller,U506,Georges_505
Julie,31,romance,U507,Julie_506
Sarah,-12,animation,U508,Sarah_507
Marc,45,drama,U509,Marc_508
Sophie,62,mixed,U510,Sophie_509
Brou,22,mixed,U511,Brou_510
Alice,-5,comedy,U512,Alice_511
Bob,35,action,U513,Bob_512
Charlie,,sci-fi,U514,Charlie_513
Thomas,18,horror,U515,Thomas_514
Georges,23,thriller,U516,Georges_515
Julie,31,romance,U517,Julie_516
Sarah,-12,animation,U518,Sarah_517
Marc,45,drama,U519,Marc_518
Sophie,62,mixed,U520,Sophie_519
Brou,22,mixed,U521,Brou_520
Alice,-5,comedy,U522,Alice_521
Bob,35,action,U523,Bob_522
Charlie,,sci-fi,U524,Charlie_523
Thomas,18,horror,U525,Thomas_524
Georges,23,thriller,U526,Georges_525
Julie,31,romance,U527,Julie_526
Sarah,-12,animation,U528,Sarah_527
Marc,45,drama,U529,Marc_528
Sophie,62,mixed,U530,Sophie_529
Brou,22,mixed,U531,Brou_530
Alice,-5,comedy,U532,Alice_531
Bob,35,action,U533,Bob_532
Charlie,,sci-fi,U534,Charlie_533
Thomas,18,horror,U535,Thomas_534
Georges,23,thriller,U536,Georges_535
Julie,31,romance,U537,Julie_536
Sarah,-12,animation,U538,Sarah_537
Marc,45,drama,U539,Marc_538
Sophie,62,mixed,U540,Sophie_539
Brou,22,mixed,U541,Brou_540
Alice,-5,comedy,U542,Alice_541
Bob,35,action,U543,Bob_542
Charlie,,sci-fi,U544,Charlie_543
Thomas,18,horror,U545,Thomas_544
Georges,23,thriller,U546,Georges_545
Julie,31,romance,U547,Julie_546
Sarah,-12,animation,U548,Sarah_547
Marc,45,drama,U549,Marc_548
Sophie,62,mixed,U550,Sophie_549
