user_id,movie_title,rating,timestamp
U001,Inception Original,15.0,
U001,Gladiator Legacy,4.1,2026-06-01 14:22:00
U001,Avatar Part I,4.1,2026-06-01 14:22:00
U001,The Matrix Reloaded,4.1,2026-06-01 14:22:00
U002,The Hangover Original,4.1,2026-06-01 14:22:00
U002,Toy Story Evolution,4.1,2026-06-01 14:22:00
U002,Seven Reborn,4.1,2026-06-01 14:22:00
U002,La La Land Saga,15.0,2026-06-01 14:22:00
U003,Inception Original,4.1,2026-06-01 14:22:00
U003,Gladiator Legacy,4.1,
U003,Avatar Part I,4.1,2026-06-01 14:22:00
U003,The Matrix Reloaded,4.1,2026-06-01 14:22:00
U004,The Hangover Original,4.1,2026-06-01 14:22:00
U004,Toy Story Evolution,4.1,2026-06-01 14:22:00
U004,Seven Reborn,15.0,2026-06-01 14:22:00
U004,La La Land Saga,4.1,2026-06-01 14:22:00
U005,Inception Original,4.1,2026-06-01 14:22:00
U005,Gladiator Legacy,4.1,2026-06-01 14:22:00
U005,Avatar Part I,4.1,
U005,The Matrix Reloaded,4.1,2026-06-01 14:22:00
U006,The Hangover Original,4.1,2026-06-01 14:22:00
U006,Toy Story Evolution,15.0,2026-06-01 14:22:00
U006,Seven Reborn,4.1,2026-06-01 14:22:00
U006,La La Land Saga,4.1,2026-06-01 14:22:00
U007,Inception Original,4.1,2026-06-01 14:22:00
U007,Gladiator Legacy,4.1,2026-06-01 14:22:00
U007,Avatar Part I,4.1,2026-06-01 14:22:00
U007,The Matrix Reloaded,4.1,
U008,The Hangover Original,15.0,2026-06-01 14:22:00
U008,Toy Story Evolution,4.1,2026-06-01 14:22:00
U008,Seven Reborn,4.1,2026-06-01 14:22:00
U008,La La Land Saga,4.1,2026-06-01 14:22:00
U009,Inception Original,4.1,2026-06-01 14:22:00
U009,Gladiator Legacy,4.1,2026-06-01 14:22:00
U009,Avatar Part I,4.1,2026-06-01 14:22:00
U009,The Matrix Reloaded,15.0,2026-06-01 14:22:00
U010,The Hangover Original,4.1,
U010,Toy Story Evolution,4.1,2026-06-01 14:22:00
U010,Seven Reborn,4.1,2026-06-01 14:22:00
U010,La La Land Saga,4.1,2026-06-01 14:22:00
U011,Inception Original,4.1,2026-06-01 14:22:00
U011,Gladiator Legacy,4.1,2026-06-01 14:22:00
U011,Avatar Part I,15.0,2026-06-01 14:22:00
U011,The Matrix Reloaded,4.1,2026-06-01 14:22:00
U012,The Hangover Original,4.1,2026-06-01 14:22:00
U012,Toy Story Evolution,4.1,
U012,Seven Reborn,4.1,2026-06-01 14:22:00
U012,La La Land Saga,4.1,2026-06-01 14:22:00
U013,Inception Original,4.1,2026-06-01 14:22:00
U013,Gladiator Legacy,15.0,2026-06-01 14:22:00
U013,Avatar Part I,4.1,2026-06-01 14:22:00
U013,The Matrix Reloaded,4.1,2026-06-01 14:22:00
U014,The Hangover Original,4.1,2026-06-01 14:22:00
U014,Toy Story Evolution,4.1,2026-06-01 14:22:00
U014,Seven Reborn,4.1,
U014,La La Land Saga,4.1,2026-06-01 14:22:00
U015,Inception Original,15.0,2026-06-01 14:22:00
U015,Gladiator Legacy,4.1,2026-06-01 14:22:00
U015,Avatar Part I,4.1,2026-06-01 14:22:00
U015,The Matrix Reloaded,4.1,2026-06-01 14:22:00
U016,The Hangover Original,4.1,2026-06-01 14:22:00
U016,Toy Story Evolution,4.1,2026-06-01 14:22:00
U016,Seven Reborn,4.1,2026-06-01 14:22:00
U016,La La Land Saga,15.0,
U017,Inception Original,4.1,2026-06-01 14:22:00
U017,Gladiator Legacy,4.1,2026-06-01 14:22:00
U017,Avatar Part I,4.1,2026-06-01 14:22:00
U017,The Matrix Reloaded,4.1,2026-06-01 14:22:00
U018,The Hangover Original,4.1,2026-06-01 14:22:00
U018,Toy Story Evolution,4.1,2026-06-01 14:22:00
U018,Seven Reborn,15.0,2026-06-01 14:22:00
U018,La La Land Saga,4.1,2026-06-01 14:22:00
U019,Inception Original,4.1,
U019,Gladiator Legacy,4.1,2026-06-01 14:22:00
U019,Avatar Part I,4.1,2026-06-01 14:22:00
U019,The Matrix Reloaded,4.1,2026-06-01 14:22:00
U020,The Hangover Original,4.1,2026-06-01 14:22:00
U020,Toy Story Evolution,15.0,2026-06-01 14:22:00
U020,Seven Reborn,4.1,2026-06-01 14:22:00
U020,La La Land Saga,4.1,2026-06-01 14:22:00
U021,Inception Original,4.1,2026-06-01 14:22:00
U021,Gladiator Legacy,4.1,
U021,Avatar Part I,4.1,2026-06-01 14:22:00
U021,The Matrix Reloaded,4.1,2026-06-01 14:22:00
U022,The Hangover Original,15.0,2026-06-01 14:22:00
U022,Toy Story Evolution,4.1,2026-06-01 14:22:00
U022,Seven Reborn,4.1,2026-06-01 14:22:00
U022,La La Land Saga,4.1,2026-06-01 14:22:00
U023,Inception Original,4.1,2026-06-01 14:22:00
U023,Gladiator Legacy,4.1,2026-06-01 14:22:00
U023,Avatar Part I,4.1,
U023,The Matrix Reloaded,15.0,2026-06-01 14:22:00
U024,The Hangover Original,4.1,2026-06-01 14:22:00
U024,Toy Story Evolution,4.1,2026-06-01 14:22:00
U024,Seven Reborn,4.1,2026-06-01 14:22:00
U024,La La Land Saga,4.1,2026-06-01 14:22:00
U025,Inception Original,4.1,2026-06-01 14:22:00
U025,Gladiator Legacy,4.1,2026-06-01 14:22:00
U025,Avatar Part I,15.0,2026-06-01 14:22:00
U025,The Matrix Reloaded,4.1,
U026,The Hangover Original,4.1,2026-06-01 14:22:00
U026,Toy Story Evolution,4.1,2026-06-01 14:22:00
U026,Seven Reborn,4.1,2026-06-01 14:22:00
U026,La La Land Saga,4.1,2026-06-01 14:22:00
U027,Inception Original,4.1,2026-06-01 14:22:00
U027,Gladiator Legacy,15.0,2026-06-01 14:22:00
U027,Avatar Part I,4.1,2026-06-01 14:22:00
U027,The Matrix Reloaded,4.1,2026-06-01 14:22:00
U028,The Hangover Original,4.1,
U028,Toy Story Evolution,4.1,2026-06-01 14:22:00
U028,Seven Reborn,4.1,2026-06-01 14:22:00
U028,La La Land Saga,4.1,2026-06-01 14:22:00
U029,Inception Original,15.0,2026-06-01 14:22:00
U029,Gladiator Legacy,4.1,2026-06-01 14:22:00
U029,Avatar Part I,4.1,2026-06-01 14:22:00
U029,The Matrix Reloaded,4.1,2026-06-01 14:22:00
U030,The Hangover Original,4.1,2026-06-01 14:22:00
U030,Toy Story Evolution,4.1,
U030,Seven Reborn,4.1,2026-06-01 14:22:00
U030,La La Land Saga,15.0,2026-06-01 14:22:00
U031,Inception Original,4.1,2026-06-01 14:22:00
U031,Gladiator Legacy,4.1,2026-06-01 14:22:00
U031,Avatar Part I,4.1,2026-06-01 14:22:00
U031,The Matrix Reloaded,4.1,2026-06-01 14:22:00
U032,The Hangover Original,4.1,2026-06-01 14:22:00
U032,Toy Story Evolution,4.1,2026-06-01 14:22:00
U032,Seven Reborn,15.0,
U032,La La Land Saga,4.1,2026-06-01 14:22:00
U033,Inception Original,4.1,2026-06-01 14:22:00
U033,Gladiator Legacy,4.1,2026-06-01 14:22:00
U033,Avatar Part I,4.1,2026-06-01 14:22:00
U033,The Matrix Reloaded,4.1,2026-06-01 14:22:00
U034,The Hangover Original,4.1,2026-06-01 14:22:00
U034,Toy Story Evolution,15.0,2026-06-01 14:22:00
U034,Seven Reborn,4.1,2026-06-01 14:22:00
U034,La La Land Saga,4.1,
U035,Inception Original,4.1,2026-06-01 14:22:00
U035,Gladiator Legacy,4.1,2026-06-01 14:22:00
U035,Avatar Part I,4.1,2026-06-01 14:22:00
U035,The Matrix Reloaded,4.1,2026-06-01 14:22:00
U036,The Hangover Original,15.0,2026-06-01 14:22:00
U036,Toy Story Evolution,4.1,2026-06-01 14:22:00
U036,Seven Reborn,4.1,2026-06-01 14:22:00
U036,La La Land Saga,4.1,2026-06-01 14:22:00
U037,Inception Original,4.1,
U037,Gladiator Legacy,4.1,2026-06-01 14:22:00
U037,Avatar Part I,4.1,2026-06-01 14:22:00
U037,The Matrix Reloaded,15.0,2026-06-01 14:22:00
U038,The Hangover Original,4.1,2026-06-01 14:22:00
U038,Toy Story Evolution,4.1,2026-06-01 14:22:00
U038,Seven Reborn,4.1,2026-06-01 14:22:00
U038,La La Land Saga,4.1,2026-06-01 14:22:00
U039,Inception Original,4.1,2026-06-01 14:22:00
U039,Gladiator Legacy,4.1,
U039,Avatar Part I,15.0,2026-06-01 14:22:00
U039,The Matrix Reloaded,4.1,2026-06-01 14:22:00
U040,The Hangover Original,4.1,2026-06-01 14:22:00
U040,Toy Story Evolution,4.1,2026-06-01 14:22:00
U040,Seven Reborn,4.1,2026-06-01 14:22:00
U040,La La Land Saga,4.1,2026-06-01 14:22:00
U041,Inception Original,4.1,2026-06-01 14:22:00
U041,Gladiator Legacy,15.0,2026-06-01 14:22:00
U041,Avatar Part I,4.1,
U041,The Matrix Reloaded,4.1,2026-06-01 14:22:00
U042,The Hangover Original,4.1,2026-06-01 14:22:00
U042,Toy Story Evolution,4.1,2026-06-01 14:22:00
U042,Seven Reborn,4.1,2026-06-01 14:22:00
U042,La La Land Saga,4.1,2026-06-01 14:22:00
U043,Inception Original,15.0,2026-06-01 14:22:00
U043,Gladiator Legacy,4.1,2026-06-01 14:22:00
U043,Avatar Part I,4.1,2026-06-01 14:22:00
U043,The Matrix Reloaded,4.1,
U044,The Hangover Original,4.1,2026-06-01 14:22:00
U044,Toy Story Evolution,4.1,2026-06-01 14:22:00
U044,Seven Reborn,4.1,2026-06-01 14:22:00
U044,La La Land Saga,15.0,2026-06-01 14:22:00
U045,Inception Original,4.1,2026-06-01 14:22:00
U045,Gladiator Legacy,4.1,2026-06-01 14:22:00
U045,Avatar Part I,4.1,2026-06-01 14:22:00
U045,The Matrix Reloaded,4.1,2026-06-01 14:22:00
U046,The Hangover Original,4.1,
U046,Toy Story Evolution,4.1,2026-06-01 14:22:00
U046,Seven Reborn,15.0,2026-06-01 14:22:00
U046,La La Land Saga,4.1,2026-06-01 14:22:00
U047,Inception Original,4.1,2026-06-01 14:22:00
U047,Gladiator Legacy,4.1,2026-06-01 14:22:00
U047,Avatar Part I,4.1,2026-06-01 14:22:00
U047,The Matrix Reloaded,4.1,2026-06-01 14:22:00
U048,The Hangover Original,4.1,2026-06-01 14:22:00
U048,Toy Story Evolution,15.0,
U048,Seven Reborn,4.1,2026-06-01 14:22:00
U048,La La Land Saga,4.1,2026-06-01 14:22:00
U049,Inception Original,4.1,2026-06-01 14:22:00
U049,Gladiator Legacy,4.1,2026-06-01 14:22:00
U049,Avatar Part I,4.1,2026-06-01 14:22:00
U049,The Matrix Reloaded,4.1,2026-06-01 14:22:00
U050,The Hangover Original,15.0,2026-06-01 14:22:00
U050,Toy Story Evolution,4.1,2026-06-01 14:22:00
U050,Seven Reborn,4.1,
U050,La La Land Saga,4.1,2026-06-01 14:22:00
U051,Inception Original,4.1,2026-06-01 14:22:00
U051,Gladiator Legacy,4.1,2026-06-01 14:22:00
U051,Avatar Part I,4.1,2026-06-01 14:22:00
U051,The Matrix Reloaded,15.0,2026-06-01 14:22:00
U052,The Hangover Original,4.1,2026-06-01 14:22:00
U052,Toy Story Evolution,4.1,2026-06-01 14:22:00
U052,Seven Reborn,4.1,2026-06-01 14:22:00
U052,La La Land Saga,4.1,
U053,Inception Original,4.1,2026-06-01 14:22:00
U053,Gladiator Legacy,4.1,2026-06-01 14:22:00
U053,Avatar Part I,15.0,2026-06-01 14:22:00
U053,The Matrix Reloaded,4.1,2026-06-01 14:22:00
U054,The Hangover Original,4.1,2026-06-01 14:22:00
U054,Toy Story Evolution,4.1,2026-06-01 14:22:00
U054,Seven Reborn,4.1,2026-06-01 14:22:00
U054,La La Land Saga,4.1,2026-06-01 14:22:00
U055,Inception Original,4.1,
U055,Gladiator Legacy,15.0,2026-06-01 14:22:00
U055,Avatar Part I,4.1,2026-06-01 14:22:00
U055,The Matrix Reloaded,4.1,2026-06-01 14:22:00
U056,The Hangover Original,4.1,2026-06-01 14:22:00
U056,Toy Story Evolution,4.1,2026-06-01 14:22:00
U056,Seven Reborn,4.1,2026-06-01 14:22:00
U056,La La Land Saga,4.1,2026-06-01 14:22:00
U057,Inception Original,15.0,2026-06-01 14:22:00
U057,Gladiator Legacy,4.1,
U057,Avatar Part I,4.1,2026-06-01 14:22:00
U057,The Matrix Reloaded,4.1,2026-06-01 14:22:00
U058,The Hangover Original,4.1,2026-06-01 14:22:00
U058,Toy Story Evolution,4.1,2026-06-01 14:22:00
U058,Seven Reborn,4.1,2026-06-01 14:22:00
U058,La La Land Saga,15.0,2026-06-01 14:22:00
U059,Inception Original,4.1,2026-06-01 14:22:00
U059,Gladiator Legacy,4.1,2026-06-01 14:22:00
U059,Avatar Part I,4.1,
U059,The Matrix Reloaded,4.1,2026-06-01 14:22:00
U060,The Hangover Original,4.1,2026-06-01 14:22:00
U060,Toy Story Evolution,4.1,2026-06-01 14:22:00
U060,Seven Reborn,15.0,2026-06-01 14:22:00
U060,La La Land Saga,4.1,2026-06-01 14:22:00
U061,Inception Original,4.1,2026-06-01 14:22:00
U061,Gladiator Legacy,4.1,2026-06-01 14:22:00
U061,Avatar Part I,4.1,2026-06-01 14:22:00
U061,The Matrix Reloaded,4.1,
U062,The Hangover Original,4.1,2026-06-01 14:22:00
U062,Toy Story Evolution,15.0,2026-06-01 14:22:00
U062,Seven Reborn,4.1,2026-06-01 14:22:00
U062,La La Land Saga,4.1,2026-06-01 14:22:00
U063,Inception Original,4.1,2026-06-01 14:22:00
U063,Gladiator Legacy,4.1,2026-06-01 14:22:00
U063,Avatar Part I,4.1,2026-06-01 14:22:00
U063,The Matrix Reloaded,4.1,2026-06-01 14:22:00
U064,The Hangover Original,15.0,
U064,Toy Story Evolution,4.1,2026-06-01 14:22:00
U064,Seven Reborn,4.1,2026-06-01 14:22:00
U064,La La Land Saga,4.1,2026-06-01 14:22:00
U065,Inception Original,4.1,2026-06-01 14:22:00
U065,Gladiator Legacy,4.1,2026-06-01 14:22:00
U065,Avatar Part I,4.1,2026-06-01 14:22:00
U065,The Matrix Reloaded,15.0,2026-06-01 14:22:00
U066,The Hangover Original,4.1,2026-06-01 14:22:00
U066,Toy Story Evolution,4.1,
U066,Seven Reborn,4.1,2026-06-01 14:22:00
U066,La La Land Saga,4.1,2026-06-01 14:22:00
U067,Inception Original,4.1,2026-06-01 14:22:00
U067,Gladiator Legacy,4.1,2026-06-01 14:22:00
U067,Avatar Part I,15.0,2026-06-01 14:22:00
U067,The Matrix Reloaded,4.1,2026-06-01 14:22:00
U068,The Hangover Original,4.1,2026-06-01 14:22:00
U068,Toy Story Evolution,4.1,2026-06-01 14:22:00
U068,Seven Reborn,4.1,
U068,La La Land Saga,4.1,2026-06-01 14:22:00
U069,Inception Original,4.1,2026-06-01 14:22:00
U069,Gladiator Legacy,15.0,2026-06-01 14:22:00
U069,Avatar Part I,4.1,2026-06-01 14:22:00
U069,The Matrix Reloaded,4.1,2026-06-01 14:22:00
U070,The Hangover Original,4.1,2026-06-01 14:22:00
U070,Toy Story Evolution,4.1,2026-06-01 14:22:00
U070,Seven Reborn,4.1,2026-06-01 14:22:00
U070,La La Land Saga,4.1,
U071,Inception Original,15.0,2026-06-01 14:22:00
U071,Gladiator Legacy,4.1,2026-06-01 14:22:00
U071,Avatar Part I,4.1,2026-06-01 14:22:00
U071,The Matrix Reloaded,4.1,2026-06-01 14:22:00
U072,The Hangover Original,4.1,2026-06-01 14:22:00
U072,Toy Story Evolution,4.1,2026-06-01 14:22:00
U072,Seven Reborn,4.1,2026-06-01 14:22:00
U072,La La Land Saga,15.0,2026-06-01 14:22:00
U073,Inception Original,4.1,
U073,Gladiator Legacy,4.1,2026-06-01 14:22:00
U073,Avatar Part I,4.1,2026-06-01 14:22:00
U073,The Matrix Reloaded,4.1,2026-06-01 14:22:00
U074,The Hangover Original,4.1,2026-06-01 14:22:00
U074,Toy Story Evolution,4.1,2026-06-01 14:22:00
U074,Seven Reborn,15.0,2026-06-01 14:22:00
U074,La La Land Saga,4.1,2026-06-01 14:22:00
U075,Inception Original,4.1,2026-06-01 14:22:00
U075,Gladiator Legacy,4.1,
U075,Avatar Part I,4.1,2026-06-01 14:22:00
U075,The Matrix Reloaded,4.1,2026-06-01 14:22:00
U076,The Hangover Original,4.1,2026-06-01 14:22:00
U076,Toy Story Evolution,15.0,2026-06-01 14:22:00
U076,Seven Reborn,4.1,2026-06-01 14:22:00
U076,La La Land Saga,4.1,2026-06-01 14:22:00
U077,Inception Original,4.1,2026-06-01 14:22:00
U077,Gladiator Legacy,4.1,2026-06-01 14:22:00
U077,Avatar Part I,4.1,
U077,The Matrix Reloaded,4.1,2026-06-01 14:22:00
U078,The Hangover Original,15.0,2026-06-01 14:22:00
U078,Toy Story Evolution,4.1,2026-06-01 14:22:00
U078,Seven Reborn,4.1,2026-06-01 14:22:00
U078,La La Land Saga,4.1,2026-06-01 14:22:00
U079,Inception Original,4.1,2026-06-01 14:22:00
U079,Gladiator Legacy,4.1,2026-06-01 14:22:00
U079,Avatar Part I,4.1,2026-06-01 14:22:00
U079,The Matrix Reloaded,15.0,
U080,The Hangover Original,4.1,2026-06-01 14:22:00
U080,Toy Story Evolution,4.1,2026-06-01 14:22:00
U080,Seven Reborn,4.1,2026-06-01 14:22:00
U080,La La Land Saga,4.1,2026-06-01 14:22:00
U081,Inception Original,4.1,2026-06-01 14:22:00
U081,Gladiator Legacy,4.1,2026-06-01 14:22:00
U081,Avatar Part I,15.0,2026-06-01 14:22:00
U081,The Matrix Reloaded,4.1,2026-06-01 14:22:00
U082,The Hangover Original,4.1,
U082,Toy Story Evolution,4.1,2026-06-01 14:22:00
U082,Seven Reborn,4.1,2026-06-01 14:22:00
U082,La La Land Saga,4.1,2026-06-01 14:22:00
U083,Inception Original,4.1,2026-06-01 14:22:00
U083,Gladiator Legacy,15.0,2026-06-01 14:22:00
U083,Avatar Part I,4.1,2026-06-01 14:22:00
U083,The Matrix Reloaded,4.1,2026-06-01 14:22:00
U084,The Hangover Original,4.1,2026-06-01 14:22:00
U084,Toy Story Evolution,4.1,
U084,Seven Reborn,4.1,2026-06-01 14:22:00
U084,La La Land Saga,4.1,2026-06-01 14:22:00
U085,Inception Original,15.0,2026-06-01 14:22:00
U085,Gladiator Legacy,4.1,2026-06-01 14:22:00
U085,Avatar Part I,4.1,2026-06-01 14:22:00
U085,The Matrix Reloaded,4.1,2026-06-01 14:22:00
U086,The Hangover Original,4.1,2026-06-01 14:22:00
U086,Toy Story Evolution,4.1,2026-06-01 14:22:00
U086,Seven Reborn,4.1,
U086,La La Land Saga,15.0,2026-06-01 14:22:00
U087,Inception Original,4.1,2026-06-01 14:22:00
U087,Gladiator Legacy,4.1,2026-06-01 14:22:00
U087,Avatar Part I,4.1,2026-06-01 14:22:00
U087,The Matrix Reloaded,4.1,2026-06-01 14:22:00
U088,The Hangover Original,4.1,2026-06-01 14:22:00
U088,Toy Story Evolution,4.1,2026-06-01 14:22:00
U088,Seven Reborn,15.0,2026-06-01 14:22:00
U088,La La Land Saga,4.1,
U089,Inception Original,4.1,2026-06-01 14:22:00
U089,Gladiator Legacy,4.1,2026-06-01 14:22:00
U089,Avatar Part I,4.1,2026-06-01 14:22:00
U089,The Matrix Reloaded,4.1,2026-06-01 14:22:00
U090,The Hangover Original,4.1,2026-06-01 14:22:00
U090,Toy Story Evolution,15.0,2026-06-01 14:22:00
U090,Seven Reborn,4.1,2026-06-01 14:22:00
U090,La La Land Saga,4.1,2026-06-01 14:22:00
U091,Inception Original,4.1,
U091,Gladiator Legacy,4.1,2026-06-01 14:22:00
U091,Avatar Part I,4.1,2026-06-01 14:22:00
U091,The Matrix Reloaded,4.1,2026-06-01 14:22:00
U092,The Hangover Original,15.0,2026-06-01 14:22:00
U092,Toy Story Evolution,4.1,2026-06-01 14:22:00
U092,Seven Reborn,4.1,2026-06-01 14:22:00
U092,La La Land Saga,4.1,2026-06-01 14:22:00
U093,Inception Original,4.1,2026-06-01 14:22:00
U093,Gladiator Legacy,4.1,
U093,Avatar Part I,4.1,2026-06-01 14:22:00
U093,The Matrix Reloaded,15.0,2026-06-01 14:22:00
U094,The Hangover Original,4.1,2026-06-01 14:22:00
U094,Toy Story Evolution,4.1,2026-06-01 14:22:00
U094,Seven Reborn,4.1,2026-06-01 14:22:00
U094,La La Land Saga,4.1,2026-06-01 14:22:00
U095,Inception Original,4.1,2026-06-01 14:22:00
U095,Gladiator Legacy,4.1,2026-06-01 14:22:00
U095,Avatar Part I,15.0,
U095,The Matrix Reloaded,4.1,2026-06-01 14:22:00
U096,The Hangover Original,4.1,2026-06-01 14:22:00
U096,Toy Story Evolution,4.1,2026-06-01 14:22:00
U096,Seven Reborn,4.1,2026-06-01 14:22:00
U096,La La Land Saga,4.1,2026-06-01 14:22:00
U097,Inception Original,4.1,2026-06-01 14:22:00
U097,Gladiator Legacy,15.0,2026-06-01 14:22:00
U097,Avatar Part I,4.1,2026-06-01 14:22:00
U097,The Matrix Reloaded,4.1,
U098,The Hangover Original,4.1,2026-06-01 14:22:00
U098,Toy Story Evolution,4.1,2026-06-01 14:22:00
U098,Seven Reborn,4.1,2026-06-01 14:22:00
U098,La La Land Saga,4.1,2026-06-01 14:22:00
U099,Inception Original,15.0,2026-06-01 14:22:00
U099,Gladiator Legacy,4.1,2026-06-01 14:22:00
U099,Avatar Part I,4.1,2026-06-01 14:22:00
U099,The Matrix Reloaded,4.1,2026-06-01 14:22:00
U100,The Hangover Original,4.1,
U100,Toy Story Evolution,4.1,2026-06-01 14:22:00
U100,Seven Reborn,4.1,2026-06-01 14:22:00
U100,La La Land Saga,15.0,2026-06-01 14:22:00
U101,Inception Original,4.1,2026-06-01 14:22:00
U101,Gladiator Legacy,4.1,2026-06-01 14:22:00
U101,Avatar Part I,4.1,2026-06-01 14:22:00
U101,The Matrix Reloaded,4.1,2026-06-01 14:22:00
U102,The Hangover Original,4.1,2026-06-01 14:22:00
U102,Toy Story Evolution,4.1,
U102,Seven Reborn,15.0,2026-06-01 14:22:00
U102,La La Land Saga,4.1,2026-06-01 14:22:00
U103,Inception Original,4.1,2026-06-01 14:22:00
U103,Gladiator Legacy,4.1,2026-06-01 14:22:00
U103,Avatar Part I,4.1,2026-06-01 14:22:00
U103,The Matrix Reloaded,4.1,2026-06-01 14:22:00
U104,The Hangover Original,4.1,2026-06-01 14:22:00
U104,Toy Story Evolution,15.0,2026-06-01 14:22:00
U104,Seven Reborn,4.1,
U104,La La Land Saga,4.1,2026-06-01 14:22:00
U105,Inception Original,4.1,2026-06-01 14:22:00
U105,Gladiator Legacy,4.1,2026-06-01 14:22:00
U105,Avatar Part I,4.1,2026-06-01 14:22:00
U105,The Matrix Reloaded,4.1,2026-06-01 14:22:00
U106,The Hangover Original,15.0,2026-06-01 14:22:00
U106,Toy Story Evolution,4.1,2026-06-01 14:22:00
U106,Seven Reborn,4.1,2026-06-01 14:22:00
U106,La La Land Saga,4.1,
U107,Inception Original,4.1,2026-06-01 14:22:00
U107,Gladiator Legacy,4.1,2026-06-01 14:22:00
U107,Avatar Part I,4.1,2026-06-01 14:22:00
U107,The Matrix Reloaded,15.0,2026-06-01 14:22:00
U108,The Hangover Original,4.1,2026-06-01 14:22:00
U108,Toy Story Evolution,4.1,2026-06-01 14:22:00
U108,Seven Reborn,4.1,2026-06-01 14:22:00
U108,La La Land Saga,4.1,2026-06-01 14:22:00
U109,Inception Original,4.1,
U109,Gladiator Legacy,4.1,2026-06-01 14:22:00
U109,Avatar Part I,15.0,2026-06-01 14:22:00
U109,The Matrix Reloaded,4.1,2026-06-01 14:22:00
U110,The Hangover Original,4.1,2026-06-01 14:22:00
U110,Toy Story Evolution,4.1,2026-06-01 14:22:00
U110,Seven Reborn,4.1,2026-06-01 14:22:00
U110,La La Land Saga,4.1,2026-06-01 14:22:00
U111,Inception Original,4.1,2026-06-01 14:22:00
U111,Gladiator Legacy,15.0,
U111,Avatar Part I,4.1,2026-06-01 14:22:00
U111,The Matrix Reloaded,4.1,2026-06-01 14:22:00
U112,The Hangover Original,4.1,2026-06-01 14:22:00
U112,Toy Story Evolution,4.1,2026-06-01 14:22:00
U112,Seven Reborn,4.1,2026-06-01 14:22:00
U112,La La Land Saga,4.1,2026-06-01 14:22:00
U113,Inception Original,15.0,2026-06-01 14:22:00
U113,Gladiator Legacy,4.1,2026-06-01 14:22:00
U113,Avatar Part I,4.1,
U113,The Matrix Reloaded,4.1,2026-06-01 14:22:00
U114,The Hangover Original,4.1,2026-06-01 14:22:00
U114,Toy Story Evolution,4.1,2026-06-01 14:22:00
U114,Seven Reborn,4.1,2026-06-01 14:22:00
U114,La La Land Saga,15.0,2026-06-01 14:22:00
U115,Inception Original,4.1,2026-06-01 14:22:00
U115,Gladiator Legacy,4.1,2026-06-01 14:22:00
U115,Avatar Part I,4.1,2026-06-01 14:22:00
U115,The Matrix Reloaded,4.1,
U116,The Hangover Original,4.1,2026-06-01 14:22:00
U116,Toy Story Evolution,4.1,2026-06-01 14:22:00
U116,Seven Reborn,15.0,2026-06-01 14:22:00
U116,La La Land Saga,4.1,2026-06-01 14:22:00
U117,Inception Original,4.1,2026-06-01 14:22:00
U117,Gladiator Legacy,4.1,2026-06-01 14:22:00
U117,Avatar Part I,4.1,2026-06-01 14:22:00
U117,The Matrix Reloaded,4.1,2026-06-01 14:22:00
U118,The Hangover Original,4.1,
U118,Toy Story Evolution,15.0,2026-06-01 14:22:00
U118,Seven Reborn,4.1,2026-06-01 14:22:00
U118,La La Land Saga,4.1,2026-06-01 14:22:00
U119,Inception Original,4.1,2026-06-01 14:22:00
U119,Gladiator Legacy,4.1,2026-06-01 14:22:00
U119,Avatar Part I,4.1,2026-06-01 14:22:00
U119,The Matrix Reloaded,4.1,2026-06-01 14:22:00
U120,The Hangover Original,15.0,2026-06-01 14:22:00
U120,Toy Story Evolution,4.1,
U120,Seven Reborn,4.1,2026-06-01 14:22:00
U120,La La Land Saga,4.1,2026-06-01 14:22:00
U121,Inception Original,4.1,2026-06-01 14:22:00
U121,Gladiator Legacy,4.1,2026-06-01 14:22:00
U121,Avatar Part I,4.1,2026-06-01 14:22:00
U121,The Matrix Reloaded,15.0,2026-06-01 14:22:00
U122,The Hangover Original,4.1,2026-06-01 14:22:00
U122,Toy Story Evolution,4.1,2026-06-01 14:22:00
U122,Seven Reborn,4.1,
U122,La La Land Saga,4.1,2026-06-01 14:22:00
U123,Inception Original,4.1,2026-06-01 14:22:00
U123,Gladiator Legacy,4.1,2026-06-01 14:22:00
U123,Avatar Part I,15.0,2026-06-01 14:22:00
U123,The Matrix Reloaded,4.1,2026-06-01 14:22:00
U124,The Hangover Original,4.1,2026-06-01 14:22:00
U124,Toy Story Evolution,4.1,2026-06-01 14:22:00
U124,Seven Reborn,4.1,2026-06-01 14:22:00
U124,La La Land Saga,4.1,
U125,Inception Original,4.1,2026-06-01 14:22:00
U125,Gladiator Legacy,15.0,2026-06-01 14:22:00
U125,Avatar Part I,4.1,2026-06-01 14:22:00
U125,The Matrix Reloaded,4.1,2026-06-01 14:22:00
U126,The Hangover Original,4.1,2026-06-01 14:22:00
U126,Toy Story Evolution,4.1,2026-06-01 14:22:00
U126,Seven Reborn,4.1,2026-06-01 14:22:00
U126,La La Land Saga,4.1,2026-06-01 14:22:00
U127,Inception Original,15.0,
U127,Gladiator Legacy,4.1,2026-06-01 14:22:00
U127,Avatar Part I,4.1,2026-06-01 14:22:00
U127,The Matrix Reloaded,4.1,2026-06-01 14:22:00
U128,The Hangover Original,4.1,2026-06-01 14:22:00
U128,Toy Story Evolution,4.1,2026-06-01 14:22:00
U128,Seven Reborn,4.1,2026-06-01 14:22:00
U128,La La Land Saga,15.0,2026-06-01 14:22:00
U129,Inception Original,4.1,2026-06-01 14:22:00
U129,Gladiator Legacy,4.1,
U129,Avatar Part I,4.1,2026-06-01 14:22:00
U129,The Matrix Reloaded,4.1,2026-06-01 14:22:00
U130,The Hangover Original,4.1,2026-06-01 14:22:00
U130,Toy Story Evolution,4.1,2026-06-01 14:22:00
U130,Seven Reborn,15.0,2026-06-01 14:22:00
U130,La La Land Saga,4.1,2026-06-01 14:22:00
U131,Inception Original,4.1,2026-06-01 14:22:00
U131,Gladiator Legacy,4.1,2026-06-01 14:22:00
U131,Avatar Part I,4.1,
U131,The Matrix Reloaded,4.1,2026-06-01 14:22:00
U132,The Hangover Original,4.1,2026-06-01 14:22:00
U132,Toy Story Evolution,15.0,2026-06-01 14:22:00
U132,Seven Reborn,4.1,2026-06-01 14:22:00
U132,La La Land Saga,4.1,2026-06-01 14:22:00
U133,Inception Original,4.1,2026-06-01 14:22:00
U133,Gladiator Legacy,4.1,2026-06-01 14:22:00
U133,Avatar Part I,4.1,2026-06-01 14:22:00
U133,The Matrix Reloaded,4.1,
U134,The Hangover Original,15.0,2026-06-01 14:22:00
U134,Toy Story Evolution,4.1,2026-06-01 14:22:00
U134,Seven Reborn,4.1,2026-06-01 14:22:00
U134,La La Land Saga,4.1,2026-06-01 14:22:00
U135,Inception Original,4.1,2026-06-01 14:22:00
U135,Gladiator Legacy,4.1,2026-06-01 14:22:00
U135,Avatar Part I,4.1,2026-06-01 14:22:00
U135,The Matrix Reloaded,15.0,2026-06-01 14:22:00
U136,The Hangover Original,4.1,
U136,Toy Story Evolution,4.1,2026-06-01 14:22:00
U136,Seven Reborn,4.1,2026-06-01 14:22:00
U136,La La Land Saga,4.1,2026-06-01 14:22:00
U137,Inception Original,4.1,2026-06-01 14:22:00
U137,Gladiator Legacy,4.1,2026-06-01 14:22:00
U137,Avatar Part I,15.0,2026-06-01 14:22:00
U137,The Matrix Reloaded,4.1,2026-06-01 14:22:00
U138,The Hangover Original,4.1,2026-06-01 14:22:00
U138,Toy Story Evolution,4.1,
U138,Seven Reborn,4.1,2026-06-01 14:22:00
U138,La La Land Saga,4.1,2026-06-01 14:22:00
U139,Inception Original,4.1,2026-06-01 14:22:00
U139,Gladiator Legacy,15.0,2026-06-01 14:22:00
U139,Avatar Part I,4.1,2026-06-01 14:22:00
U139,The Matrix Reloaded,4.1,2026-06-01 14:22:00
U140,The Hangover Original,4.1,2026-06-01 14:22:00
U140,Toy Story Evolution,4.1,2026-06-01 14:22:00
U140,Seven Reborn,4.1,
U140,La La Land Saga,4.1,2026-06-01 14:22:00
U141,Inception Original,15.0,2026-06-01 14:22:00
U141,Gladiator Legacy,4.1,2026-06-01 14:22:00
U141,Avatar Part I,4.1,2026-06-01 14:22:00
U141,The Matrix Reloaded,4.1,2026-06-01 14:22:00
U142,The Hangover Original,4.1,2026-06-01 14:22:00
U142,Toy Story Evolution,4.1,2026-06-01 14:22:00
U142,Seven Reborn,4.1,2026-06-01 14:22:00
U142,La La Land Saga,15.0,
U143,Inception Original,4.1,2026-06-01 14:22:00
U143,Gladiator Legacy,4.1,2026-06-01 14:22:00
U143,Avatar Part I,4.1,2026-06-01 14:22:00
U143,The Matrix Reloaded,4.1,2026-06-01 14:22:00
U144,The Hangover Original,4.1,2026-06-01 14:22:00
U144,Toy Story Evolution,4.1,2026-06-01 14:22:00
U144,Seven Reborn,15.0,2026-06-01 14:22:00
U144,La La Land Saga,4.1,2026-06-01 14:22:00
U145,Inception Original,4.1,
U145,Gladiator Legacy,4.1,2026-06-01 14:22:00
U145,Avatar Part I,4.1,2026-06-01 14:22:00
U145,The Matrix Reloaded,4.1,2026-06-01 14:22:00
U146,The Hangover Original,4.1,2026-06-01 14:22:00
U146,Toy Story Evolution,15.0,2026-06-01 14:22:00
U146,Seven Reborn,4.1,2026-06-01 14:22:00
U146,La La Land Saga,4.1,2026-06-01 14:22:00
U147,Inception Original,4.1,2026-06-01 14:22:00
U147,Gladiator Legacy,4.1,
U147,Avatar Part I,4.1,2026-06-01 14:22:00
U147,The Matrix Reloaded,4.1,2026-06-01 14:22:00
U148,The Hangover Original,15.0,2026-06-01 14:22:00
U148,Toy Story Evolution,4.1,2026-06-01 14:22:00
U148,Seven Reborn,4.1,2026-06-01 14:22:00
U148,La La Land Saga,4.1,2026-06-01 14:22:00
U149,Inception Original,4.1,2026-06-01 14:22:00
U149,Gladiator Legacy,4.1,2026-06-01 14:22:00
U149,Avatar Part I,4.1,
U149,The Matrix Reloaded,15.0,2026-06-01 14:22:00
U150,The Hangover Original,4.1,2026-06-01 14:22:00
U150,Toy Story Evolution,4.1,2026-06-01 14:22:00
U150,Seven Reborn,4.1,2026-06-01 14:22:00
U150,La La Land Saga,4.1,2026-06-01 14:22:00
U151,Inception Original,4.1,2026-06-01 14:22:00
U151,Gladiator Legacy,4.1,2026-06-01 14:22:00
U151,Avatar Part I,15.0,2026-06-01 14:22:00
U151,The Matrix Reloaded,4.1,
U152,The Hangover Original,4.1,2026-06-01 14:22:00
U152,Toy Story Evolution,4.1,2026-06-01 14:22:00
U152,Seven Reborn,4.1,2026-06-01 14:22:00
U152,La La Land Saga,4.1,2026-06-01 14:22:00
U153,Inception Original,4.1,2026-06-01 14:22:00
U153,Gladiator Legacy,15.0,2026-06-01 14:22:00
U153,Avatar Part I,4.1,2026-06-01 14:22:00
U153,The Matrix Reloaded,4.1,2026-06-01 14:22:00
U154,The Hangover Original,4.1,
U154,Toy Story Evolution,4.1,2026-06-01 14:22:00
U154,Seven Reborn,4.1,2026-06-01 14:22:00
U154,La La Land Saga,4.1,2026-06-01 14:22:00
U155,Inception Original,15.0,2026-06-01 14:22:00
U155,Gladiator Legacy,4.1,2026-06-01 14:22:00
U155,Avatar Part I,4.1,2026-06-01 14:22:00
U155,The Matrix Reloaded,4.1,2026-06-01 14:22:00
U156,The Hangover Original,4.1,2026-06-01 14:22:00
U156,Toy Story Evolution,4.1,
U156,Seven Reborn,4.1,2026-06-01 14:22:00
U156,La La Land Saga,15.0,2026-06-01 14:22:00
U157,Inception Original,4.1,2026-06-01 14:22:00
U157,Gladiator Legacy,4.1,2026-06-01 14:22:00
U157,Avatar Part I,4.1,2026-06-01 14:22:00
U157,The Matrix Reloaded,4.1,2026-06-01 14:22:00
U158,The Hangover Original,4.1,2026-06-01 14:22:00
U158,Toy Story Evolution,4.1,2026-06-01 14:22:00
U158,Seven Reborn,15.0,
U158,La La Land Saga,4.1,2026-06-01 14:22:00
U159,Inception Original,4.1,2026-06-01 14:22:00
U159,Gladiator Legacy,4.1,2026-06-01 14:22:00
U159,Avatar Part I,4.1,2026-06-01 14:22:00
U159,The Matrix Reloaded,4.1,2026-06-01 14:22:00
U160,The Hangover Original,4.1,2026-06-01 14:22:00
U160,Toy Story Evolution,15.0,2026-06-01 14:22:00
U160,Seven Reborn,4.1,2026-06-01 14:22:00
U160,La La Land Saga,4.1,
U161,Inception Original,4.1,2026-06-01 14:22:00
U161,Gladiator Legacy,4.1,2026-06-01 14:22:00
U161,Avatar Part I,4.1,2026-06-01 14:22:00
U161,The Matrix Reloaded,4.1,2026-06-01 14:22:00
U162,The Hangover Original,15.0,2026-06-01 14:22:00
U162,Toy Story Evolution,4.1,2026-06-01 14:22:00
U162,Seven Reborn,4.1,2026-06-01 14:22:00
U162,La La Land Saga,4.1,2026-06-01 14:22:00
U163,Inception Original,4.1,
U163,Gladiator Legacy,4.1,2026-06-01 14:22:00
U163,Avatar Part I,4.1,2026-06-01 14:22:00
U163,The Matrix Reloaded,15.0,2026-06-01 14:22:00
U164,The Hangover Original,4.1,2026-06-01 14:22:00
U164,Toy Story Evolution,4.1,2026-06-01 14:22:00
U164,Seven Reborn,4.1,2026-06-01 14:22:00
U164,La La Land Saga,4.1,2026-06-01 14:22:00
U165,Inception Original,4.1,2026-06-01 14:22:00
U165,Gladiator Legacy,4.1,
U165,Avatar Part I,15.0,2026-06-01 14:22:00
U165,The Matrix Reloaded,4.1,2026-06-01 14:22:00
U166,The Hangover Original,4.1,2026-06-01 14:22:00
U166,Toy Story Evolution,4.1,2026-06-01 14:22:00
U166,Seven Reborn,4.1,2026-06-01 14:22:00
U166,La La Land Saga,4.1,2026-06-01 14:22:00
U167,Inception Original,4.1,2026-06-01 14:22:00
U167,Gladiator Legacy,15.0,2026-06-01 14:22:00
U167,Avatar Part I,4.1,
U167,The Matrix Reloaded,4.1,2026-06-01 14:22:00
U168,The Hangover Original,4.1,2026-06-01 14:22:00
U168,Toy Story Evolution,4.1,2026-06-01 14:22:00
U168,Seven Reborn,4.1,2026-06-01 14:22:00
U168,La La Land Saga,4.1,2026-06-01 14:22:00
U169,Inception Original,15.0,2026-06-01 14:22:00
U169,Gladiator Legacy,4.1,2026-06-01 14:22:00
U169,Avatar Part I,4.1,2026-06-01 14:22:00
U169,The Matrix Reloaded,4.1,
U170,The Hangover Original,4.1,2026-06-01 14:22:00
U170,Toy Story Evolution,4.1,2026-06-01 14:22:00
U170,Seven Reborn,4.1,2026-06-01 14:22:00
U170,La La Land Saga,15.0,2026-06-01 14:22:00
U171,Inception Original,4.1,2026-06-01 14:22:00
U171,Gladiator Legacy,4.1,2026-06-01 14:22:00
U171,Avatar Part I,4.1,2026-06-01 14:22:00
U171,The Matrix Reloaded,4.1,2026-06-01 14:22:00
U172,The Hangover Original,4.1,
U172,Toy Story Evolution,4.1,2026-06-01 14:22:00
U172,Seven Reborn,15.0,2026-06-01 14:22:00
U172,La La Land Saga,4.1,2026-06-01 14:22:00
U173,Inception Original,4.1,2026-06-01 14:22:00
U173,Gladiator Legacy,4.1,2026-06-01 14:22:00
U173,Avatar Part I,4.1,2026-06-01 14:22:00
U173,The Matrix Reloaded,4.1,2026-06-01 14:22:00
U174,The Hangover Original,4.1,2026-06-01 14:22:00
U174,Toy Story Evolution,15.0,
U174,Seven Reborn,4.1,2026-06-01 14:22:00
U174,La La Land Saga,4.1,2026-06-01 14:22:00
U175,Inception Original,4.1,2026-06-01 14:22:00
U175,Gladiator Legacy,4.1,2026-06-01 14:22:00
U175,Avatar Part I,4.1,2026-06-01 14:22:00
U175,The Matrix Reloaded,4.1,2026-06-01 14:22:00
U176,The Hangover Original,15.0,2026-06-01 14:22:00
U176,Toy Story Evolution,4.1,2026-06-01 14:22:00
U176,Seven Reborn,4.1,
U176,La La Land Saga,4.1,2026-06-01 14:22:00
U177,Inception Original,4.1,2026-06-01 14:22:00
U177,Gladiator Legacy,4.1,2026-06-01 14:22:00
U177,Avatar Part I,4.1,2026-06-01 14:22:00
U177,The Matrix Reloaded,15.0,2026-06-01 14:22:00
U178,The Hangover Original,4.1,2026-06-01 14:22:00
U178,Toy Story Evolution,4.1,2026-06-01 14:22:00
U178,Seven Reborn,4.1,2026-06-01 14:22:00
U178,La La Land Saga,4.1,
U179,Inception Original,4.1,2026-06-01 14:22:00
U179,Gladiator Legacy,4.1,2026-06-01 14:22:00
U179,Avatar Part I,15.0,2026-06-01 14:22:00
U179,The Matrix Reloaded,4.1,2026-06-01 14:22:00
U180,The Hangover Original,4.1,2026-06-01 14:22:00
U180,Toy Story Evolution,4.1,2026-06-01 14:22:00
U180,Seven Reborn,4.1,2026-06-01 14:22:00
U180,La La Land Saga,4.1,2026-06-01 14:22:00
U181,Inception Original,4.1,
U181,Gladiator Legacy,15.0,2026-06-01 14:22:00
U181,Avatar Part I,4.1,2026-06-01 14:22:00
U181,The Matrix Reloaded,4.1,2026-06-01 14:22:00
U182,The Hangover Original,4.1,2026-06-01 14:22:00
U182,Toy Story Evolution,4.1,2026-06-01 14:22:00
U182,Seven Reborn,4.1,2026-06-01 14:22:00
U182,La La Land Saga,4.1,2026-06-01 14:22:00
U183,Inception Original,15.0,2026-06-01 14:22:00
U183,Gladiator Legacy,4.1,
U183,Avatar Part I,4.1,2026-06-01 14:22:00
U183,The Matrix Reloaded,4.1,2026-06-01 14:22:00
U184,The Hangover Original,4.1,2026-06-01 14:22:00
U184,Toy Story Evolution,4.1,2026-06-01 14:22:00
U184,Seven Reborn,4.1,2026-06-01 14:22:00
U184,La La Land Saga,15.0,2026-06-01 14:22:00
U185,Inception Original,4.1,2026-06-01 14:22:00
U185,Gladiator Legacy,4.1,2026-06-01 14:22:00
U185,Avatar Part I,4.1,
U185,The Matrix Reloaded,4.1,2026-06-01 14:22:00
U186,The Hangover Original,4.1,2026-06-01 14:22:00
U186,Toy Story Evolution,4.1,2026-06-01 14:22:00
U186,Seven Reborn,15.0,2026-06-01 14:22:00
U186,La La Land Saga,4.1,2026-06-01 14:22:00
U187,Inception Original,4.1,2026-06-01 14:22:00
U187,Gladiator Legacy,4.1,2026-06-01 14:22:00
U187,Avatar Part I,4.1,2026-06-01 14:22:00
U187,The Matrix Reloaded,4.1,
U188,The Hangover Original,4.1,2026-06-01 14:22:00
U188,Toy Story Evolution,15.0,2026-06-01 14:22:00
U188,Seven Reborn,4.1,2026-06-01 14:22:00
U188,La La Land Saga,4.1,2026-06-01 14:22:00
U189,Inception Original,4.1,2026-06-01 14:22:00
U189,Gladiator Legacy,4.1,2026-06-01 14:22:00
U189,Avatar Part I,4.1,2026-06-01 14:22:00
U189,The Matrix Reloaded,4.1,2026-06-01 14:22:00
U190,The Hangover Original,15.0,
U190,Toy Story Evolution,4.1,2026-06-01 14:22:00
U190,Seven Reborn,4.1,2026-06-01 14:22:00
U190,La La Land Saga,4.1,2026-06-01 14:22:00
U191,Inception Original,4.1,2026-06-01 14:22:00
U191,Gladiator Legacy,4.1,2026-06-01 14:22:00
U191,Avatar Part I,4.1,2026-06-01 14:22:00
U191,The Matrix Reloaded,15.0,2026-06-01 14:22:00
U192,The Hangover Original,4.1,2026-06-01 14:22:00
U192,Toy Story Evolution,4.1,
U192,Seven Reborn,4.1,2026-06-01 14:22:00
U192,La La Land Saga,4.1,2026-06-01 14:22:00
U193,Inception Original,4.1,2026-06-01 14:22:00
U193,Gladiator Legacy,4.1,2026-06-01 14:22:00
U193,Avatar Part I,15.0,2026-06-01 14:22:00
U193,The Matrix Reloaded,4.1,2026-06-01 14:22:00
U194,The Hangover Original,4.1,2026-06-01 14:22:00
U194,Toy Story Evolution,4.1,2026-06-01 14:22:00
U194,Seven Reborn,4.1,
U194,La La Land Saga,4.1,2026-06-01 14:22:00
U195,Inception Original,4.1,2026-06-01 14:22:00
U195,Gladiator Legacy,15.0,2026-06-01 14:22:00
U195,Avatar Part I,4.1,2026-06-01 14:22:00
U195,The Matrix Reloaded,4.1,2026-06-01 14:22:00
U196,The Hangover Original,4.1,2026-06-01 14:22:00
U196,Toy Story Evolution,4.1,2026-06-01 14:22:00
U196,Seven Reborn,4.1,2026-06-01 14:22:00
U196,La La Land Saga,4.1,
U197,Inception Original,15.0,2026-06-01 14:22:00
U197,Gladiator Legacy,4.1,2026-06-01 14:22:00
U197,Avatar Part I,4.1,2026-06-01 14:22:00
U197,The Matrix Reloaded,4.1,2026-06-01 14:22:00
U198,The Hangover Original,4.1,2026-06-01 14:22:00
U198,Toy Story Evolution,4.1,2026-06-01 14:22:00
U198,Seven Reborn,4.1,2026-06-01 14:22:00
U198,La La Land Saga,15.0,2026-06-01 14:22:00
U199,Inception Original,4.1,
U199,Gladiator Legacy,4.1,2026-06-01 14:22:00
U199,Avatar Part I,4.1,2026-06-01 14:22:00
U199,The Matrix Reloaded,4.1,2026-06-01 14:22:00
U200,The Hangover Original,4.1,2026-06-01 14:22:00
U200,Toy Story Evolution,4.1,2026-06-01 14:22:00
U200,Seven Reborn,15.0,2026-06-01 14:22:00
U200,La La Land Saga,4.1,2026-06-01 14:22:00
U201,Inception Original,4.1,2026-06-01 14:22:00
U201,Gladiator Legacy,4.1,
U201,Avatar Part I,4.1,2026-06-01 14:22:00
U201,The Matrix Reloaded,4.1,2026-06-01 14:22:00
U202,The Hangover Original,4.1,2026-06-01 14:22:00
U202,Toy Story Evolution,15.0,2026-06-01 14:22:00
U202,Seven Reborn,4.1,2026-06-01 14:22:00
U202,La La Land Saga,4.1,2026-06-01 14:22:00
U203,Inception Original,4.1,2026-06-01 14:22:00
U203,Gladiator Legacy,4.1,2026-06-01 14:22:00
U203,Avatar Part I,4.1,
U203,The Matrix Reloaded,4.1,2026-06-01 14:22:00
U204,The Hangover Original,15.0,2026-06-01 14:22:00
U204,Toy Story Evolution,4.1,2026-06-01 14:22:00
U204,Seven Reborn,4.1,2026-06-01 14:22:00
U204,La La Land Saga,4.1,2026-06-01 14:22:00
U205,Inception Original,4.1,2026-06-01 14:22:00
U205,Gladiator Legacy,4.1,2026-06-01 14:22:00
U205,Avatar Part I,4.1,2026-06-01 14:22:00
U205,The Matrix Reloaded,15.0,
U206,The Hangover Original,4.1,2026-06-01 14:22:00
U206,Toy Story Evolution,4.1,2026-06-01 14:22:00
U206,Seven Reborn,4.1,2026-06-01 14:22:00
U206,La La Land Saga,4.1,2026-06-01 14:22:00
U207,Inception Original,4.1,2026-06-01 14:22:00
U207,Gladiator Legacy,4.1,2026-06-01 14:22:00
U207,Avatar Part I,15.0,2026-06-01 14:22:00
U207,The Matrix Reloaded,4.1,2026-06-01 14:22:00
U208,The Hangover Original,4.1,
U208,Toy Story Evolution,4.1,2026-06-01 14:22:00
U208,Seven Reborn,4.1,2026-06-01 14:22:00
U208,La La Land Saga,4.1,2026-06-01 14:22:00
U209,Inception Original,4.1,2026-06-01 14:22:00
U209,Gladiator Legacy,15.0,2026-06-01 14:22:00
U209,Avatar Part I,4.1,2026-06-01 14:22:00
U209,The Matrix Reloaded,4.1,2026-06-01 14:22:00
U210,The Hangover Original,4.1,2026-06-01 14:22:00
U210,Toy Story Evolution,4.1,
U210,Seven Reborn,4.1,2026-06-01 14:22:00
U210,La La Land Saga,4.1,2026-06-01 14:22:00
U211,Inception Original,15.0,2026-06-01 14:22:00
U211,Gladiator Legacy,4.1,2026-06-01 14:22:00
U211,Avatar Part I,4.1,2026-06-01 14:22:00
U211,The Matrix Reloaded,4.1,2026-06-01 14:22:00
U212,The Hangover Original,4.1,2026-06-01 14:22:00
U212,Toy Story Evolution,4.1,2026-06-01 14:22:00
U212,Seven Reborn,4.1,
U212,La La Land Saga,15.0,2026-06-01 14:22:00
U213,Inception Original,4.1,2026-06-01 14:22:00
U213,Gladiator Legacy,4.1,2026-06-01 14:22:00
U213,Avatar Part I,4.1,2026-06-01 14:22:00
U213,The Matrix Reloaded,4.1,2026-06-01 14:22:00
U214,The Hangover Original,4.1,2026-06-01 14:22:00
U214,Toy Story Evolution,4.1,2026-06-01 14:22:00
U214,Seven Reborn,15.0,2026-06-01 14:22:00
U214,La La Land Saga,4.1,
U215,Inception Original,4.1,2026-06-01 14:22:00
U215,Gladiator Legacy,4.1,2026-06-01 14:22:00
U215,Avatar Part I,4.1,2026-06-01 14:22:00
U215,The Matrix Reloaded,4.1,2026-06-01 14:22:00
U216,The Hangover Original,4.1,2026-06-01 14:22:00
U216,Toy Story Evolution,15.0,2026-06-01 14:22:00
U216,Seven Reborn,4.1,2026-06-01 14:22:00
U216,La La Land Saga,4.1,2026-06-01 14:22:00
U217,Inception Original,4.1,
U217,Gladiator Legacy,4.1,2026-06-01 14:22:00
U217,Avatar Part I,4.1,2026-06-01 14:22:00
U217,The Matrix Reloaded,4.1,2026-06-01 14:22:00
U218,The Hangover Original,15.0,2026-06-01 14:22:00
U218,Toy Story Evolution,4.1,2026-06-01 14:22:00
U218,Seven Reborn,4.1,2026-06-01 14:22:00
U218,La La Land Saga,4.1,2026-06-01 14:22:00
U219,Inception Original,4.1,2026-06-01 14:22:00
U219,Gladiator Legacy,4.1,
U219,Avatar Part I,4.1,2026-06-01 14:22:00
U219,The Matrix Reloaded,15.0,2026-06-01 14:22:00
U220,The Hangover Original,4.1,2026-06-01 14:22:00
U220,Toy Story Evolution,4.1,2026-06-01 14:22:00
U220,Seven Reborn,4.1,2026-06-01 14:22:00
U220,La La Land Saga,4.1,2026-06-01 14:22:00
U221,Inception Original,4.1,2026-06-01 14:22:00
U221,Gladiator Legacy,4.1,2026-06-01 14:22:00
U221,Avatar Part I,15.0,
U221,The Matrix Reloaded,4.1,2026-06-01 14:22:00
U222,The Hangover Original,4.1,2026-06-01 14:22:00
U222,Toy Story Evolution,4.1,2026-06-01 14:22:00
U222,Seven Reborn,4.1,2026-06-01 14:22:00
U222,La La Land Saga,4.1,2026-06-01 14:22:00
U223,Inception Original,4.1,2026-06-01 14:22:00
U223,Gladiator Legacy,15.0,2026-06-01 14:22:00
U223,Avatar Part I,4.1,2026-06-01 14:22:00
U223,The Matrix Reloaded,4.1,
U224,The Hangover Original,4.1,2026-06-01 14:22:00
U224,Toy Story Evolution,4.1,2026-06-01 14:22:00
U224,Seven Reborn,4.1,2026-06-01 14:22:00
U224,La La Land Saga,4.1,2026-06-01 14:22:00
U225,Inception Original,15.0,2026-06-01 14:22:00
U225,Gladiator Legacy,4.1,2026-06-01 14:22:00
U225,Avatar Part I,4.1,2026-06-01 14:22:00
U225,The Matrix Reloaded,4.1,2026-06-01 14:22:00
U226,The Hangover Original,4.1,
U226,Toy Story Evolution,4.1,2026-06-01 14:22:00
U226,Seven Reborn,4.1,2026-06-01 14:22:00
U226,La La Land Saga,15.0,2026-06-01 14:22:00
U227,Inception Original,4.1,2026-06-01 14:22:00
U227,Gladiator Legacy,4.1,2026-06-01 14:22:00
U227,Avatar Part I,4.1,2026-06-01 14:22:00
U227,The Matrix Reloaded,4.1,2026-06-01 14:22:00
U228,The Hangover Original,4.1,2026-06-01 14:22:00
U228,Toy Story Evolution,4.1,
U228,Seven Reborn,15.0,2026-06-01 14:22:00
U228,La La Land Saga,4.1,2026-06-01 14:22:00
U229,Inception Original,4.1,2026-06-01 14:22:00
U229,Gladiator Legacy,4.1,2026-06-01 14:22:00
U229,Avatar Part I,4.1,2026-06-01 14:22:00
U229,The Matrix Reloaded,4.1,2026-06-01 14:22:00
U230,The Hangover Original,4.1,2026-06-01 14:22:00
U230,Toy Story Evolution,15.0,2026-06-01 14:22:00
U230,Seven Reborn,4.1,
U230,La La Land Saga,4.1,2026-06-01 14:22:00
U231,Inception Original,4.1,2026-06-01 14:22:00
U231,Gladiator Legacy,4.1,2026-06-01 14:22:00
U231,Avatar Part I,4.1,2026-06-01 14:22:00
U231,The Matrix Reloaded,4.1,2026-06-01 14:22:00
U232,The Hangover Original,15.0,2026-06-01 14:22:00
U232,Toy Story Evolution,4.1,2026-06-01 14:22:00
U232,Seven Reborn,4.1,2026-06-01 14:22:00
U232,La La Land Saga,4.1,
U233,Inception Original,4.1,2026-06-01 14:22:00
U233,Gladiator Legacy,4.1,2026-06-01 14:22:00
U233,Avatar Part I,4.1,2026-06-01 14:22:00
U233,The Matrix Reloaded,15.0,2026-06-01 14:22:00
U234,The Hangover Original,4.1,2026-06-01 14:22:00
U234,Toy Story Evolution,4.1,2026-06-01 14:22:00
U234,Seven Reborn,4.1,2026-06-01 14:22:00
U234,La La Land Saga,4.1,2026-06-01 14:22:00
U235,Inception Original,4.1,
U235,Gladiator Legacy,4.1,2026-06-01 14:22:00
U235,Avatar Part I,15.0,2026-06-01 14:22:00
U235,The Matrix Reloaded,4.1,2026-06-01 14:22:00
U236,The Hangover Original,4.1,2026-06-01 14:22:00
U236,Toy Story Evolution,4.1,2026-06-01 14:22:00
U236,Seven Reborn,4.1,2026-06-01 14:22:00
U236,La La Land Saga,4.1,2026-06-01 14:22:00
U237,Inception Original,4.1,2026-06-01 14:22:00
U237,Gladiator Legacy,15.0,
U237,Avatar Part I,4.1,2026-06-01 14:22:00
U237,The Matrix Reloaded,4.1,2026-06-01 14:22:00
U238,The Hangover Original,4.1,2026-06-01 14:22:00
U238,Toy Story Evolution,4.1,2026-06-01 14:22:00
U238,Seven Reborn,4.1,2026-06-01 14:22:00
U238,La La Land Saga,4.1,2026-06-01 14:22:00
U239,Inception Original,15.0,2026-06-01 14:22:00
U239,Gladiator Legacy,4.1,2026-06-01 14:22:00
U239,Avatar Part I,4.1,
U239,The Matrix Reloaded,4.1,2026-06-01 14:22:00
U240,The Hangover Original,4.1,2026-06-01 14:22:00
U240,Toy Story Evolution,4.1,2026-06-01 14:22:00
U240,Seven Reborn,4.1,2026-06-01 14:22:00
U240,La La Land Saga,15.0,2026-06-01 14:22:00
U241,Inception Original,4.1,2026-06-01 14:22:00
U241,Gladiator Legacy,4.1,2026-06-01 14:22:00
U241,Avatar Part I,4.1,2026-06-01 14:22:00
U241,The Matrix Reloaded,4.1,
U242,The Hangover Original,4.1,2026-06-01 14:22:00
U242,Toy Story Evolution,4.1,2026-06-01 14:22:00
U242,Seven Reborn,15.0,2026-06-01 14:22:00
U242,La La Land Saga,4.1,2026-06-01 14:22:00
U243,Inception Original,4.1,2026-06-01 14:22:00
U243,Gladiator Legacy,4.1,2026-06-01 14:22:00
U243,Avatar Part I,4.1,2026-06-01 14:22:00
U243,The Matrix Reloaded,4.1,2026-06-01 14:22:00
U244,The Hangover Original,4.1,
U244,Toy Story Evolution,15.0,2026-06-01 14:22:00
U244,Seven Reborn,4.1,2026-06-01 14:22:00
U244,La La Land Saga,4.1,2026-06-01 14:22:00
U245,Inception Original,4.1,2026-06-01 14:22:00
U245,Gladiator Legacy,4.1,2026-06-01 14:22:00
U245,Avatar Part I,4.1,2026-06-01 14:22:00
U245,The Matrix Reloaded,4.1,2026-06-01 14:22:00
U246,The Hangover Original,15.0,2026-06-01 14:22:00
U246,Toy Story Evolution,4.1,
U246,Seven Reborn,4.1,2026-06-01 14:22:00
U246,La La Land Saga,4.1,2026-06-01 14:22:00
U247,Inception Original,4.1,2026-06-01 14:22:00
U247,Gladiator Legacy,4.1,2026-06-01 14:22:00
U247,Avatar Part I,4.1,2026-06-01 14:22:00
U247,The Matrix Reloaded,15.0,2026-06-01 14:22:00
U248,The Hangover Original,4.1,2026-06-01 14:22:00
U248,Toy Story Evolution,4.1,2026-06-01 14:22:00
U248,Seven Reborn,4.1,
U248,La La Land Saga,4.1,2026-06-01 14:22:00
U249,Inception Original,4.1,2026-06-01 14:22:00
U249,Gladiator Legacy,4.1,2026-06-01 14:22:00
U249,Avatar Part I,15.0,2026-06-01 14:22:00
U249,The Matrix Reloaded,4.1,2026-06-01 14:22:00
U250,The Hangover Original,4.1,2026-06-01 14:22:00
U250,Toy Story Evolution,4.1,2026-06-01 14:22:00
U250,Seven Reborn,4.1,2026-06-01 14:22:00
U250,La La Land Saga,4.1,
U251,Inception Original,4.1,2026-06-01 14:22:00
U251,Gladiator Legacy,15.0,2026-06-01 14:22:00
U251,Avatar Part I,4.1,2026-06-01 14:22:00
U251,The Matrix Reloaded,4.1,2026-06-01 14:22:00
U252,The Hangover Original,4.1,2026-06-01 14:22:00
U252,Toy Story Evolution,4.1,2026-06-01 14:22:00
U252,Seven Reborn,4.1,2026-06-01 14:22:00
U252,La La Land Saga,4.1,2026-06-01 14:22:00
U253,Inception Original,15.0,
U253,Gladiator Legacy,4.1,2026-06-01 14:22:00
U253,Avatar Part I,4.1,2026-06-01 14:22:00
U253,The Matrix Reloaded,4.1,2026-06-01 14:22:00
U254,The Hangover Original,4.1,2026-06-01 14:22:00
U254,Toy Story Evolution,4.1,2026-06-01 14:22:00
U254,Seven Reborn,4.1,2026-06-01 14:22:00
U254,La La Land Saga,15.0,2026-06-01 14:22:00
U255,Inception Original,4.1,2026-06-01 14:22:00
U255,Gladiator Legacy,4.1,
U255,Avatar Part I,4.1,2026-06-01 14:22:00
U255,The Matrix Reloaded,4.1,2026-06-01 14:22:00
U256,The Hangover Original,4.1,2026-06-01 14:22:00
U256,Toy Story Evolution,4.1,2026-06-01 14:22:00
U256,Seven Reborn,15.0,2026-06-01 14:22:00
U256,La La Land Saga,4.1,2026-06-01 14:22:00
U257,Inception Original,4.1,2026-06-01 14:22:00
U257,Gladiator Legacy,4.1,2026-06-01 14:22:00
U257,Avatar Part I,4.1,
U257,The Matrix Reloaded,4.1,2026-06-01 14:22:00
U258,The Hangover Original,4.1,2026-06-01 14:22:00
U258,Toy Story Evolution,15.0,2026-06-01 14:22:00
U258,Seven Reborn,4.1,2026-06-01 14:22:00
U258,La La Land Saga,4.1,2026-06-01 14:22:00
U259,Inception Original,4.1,2026-06-01 14:22:00
U259,Gladiator Legacy,4.1,2026-06-01 14:22:00
U259,Avatar Part I,4.1,2026-06-01 14:22:00
U259,The Matrix Reloaded,4.1,
U260,The Hangover Original,15.0,2026-06-01 14:22:00
U260,Toy Story Evolution,4.1,2026-06-01 14:22:00
U260,Seven Reborn,4.1,2026-06-01 14:22:00
U260,La La Land Saga,4.1,2026-06-01 14:22:00
U261,Inception Original,4.1,2026-06-01 14:22:00
U261,Gladiator Legacy,4.1,2026-06-01 14:22:00
U261,Avatar Part I,4.1,2026-06-01 14:22:00
U261,The Matrix Reloaded,15.0,2026-06-01 14:22:00
U262,The Hangover Original,4.1,
U262,Toy Story Evolution,4.1,2026-06-01 14:22:00
U262,Seven Reborn,4.1,2026-06-01 14:22:00
U262,La La Land Saga,4.1,2026-06-01 14:22:00
U263,Inception Original,4.1,2026-06-01 14:22:00
U263,Gladiator Legacy,4.1,2026-06-01 14:22:00
U263,Avatar Part I,15.0,2026-06-01 14:22:00
U263,The Matrix Reloaded,4.1,2026-06-01 14:22:00
U264,The Hangover Original,4.1,2026-06-01 14:22:00
U264,Toy Story Evolution,4.1,
U264,Seven Reborn,4.1,2026-06-01 14:22:00
U264,La La Land Saga,4.1,2026-06-01 14:22:00
U265,Inception Original,4.1,2026-06-01 14:22:00
U265,Gladiator Legacy,15.0,2026-06-01 14:22:00
U265,Avatar Part I,4.1,2026-06-01 14:22:00
U265,The Matrix Reloaded,4.1,2026-06-01 14:22:00
U266,The Hangover Original,4.1,2026-06-01 14:22:00
U266,Toy Story Evolution,4.1,2026-06-01 14:22:00
U266,Seven Reborn,4.1,
U266,La La Land Saga,4.1,2026-06-01 14:22:00
U267,Inception Original,15.0,2026-06-01 14:22:00
U267,Gladiator Legacy,4.1,2026-06-01 14:22:00
U267,Avatar Part I,4.1,2026-06-01 14:22:00
U267,The Matrix Reloaded,4.1,2026-06-01 14:22:00
U268,The Hangover Original,4.1,2026-06-01 14:22:00
U268,Toy Story Evolution,4.1,2026-06-01 14:22:00
U268,Seven Reborn,4.1,2026-06-01 14:22:00
U268,La La Land Saga,15.0,
U269,Inception Original,4.1,2026-06-01 14:22:00
U269,Gladiator Legacy,4.1,2026-06-01 14:22:00
U269,Avatar Part I,4.1,2026-06-01 14:22:00
U269,The Matrix Reloaded,4.1,2026-06-01 14:22:00
U270,The Hangover Original,4.1,2026-06-01 14:22:00
U270,Toy Story Evolution,4.1,2026-06-01 14:22:00
U270,Seven Reborn,15.0,2026-06-01 14:22:00
U270,La La Land Saga,4.1,2026-06-01 14:22:00
U271,Inception Original,4.1,
U271,Gladiator Legacy,4.1,2026-06-01 14:22:00
U271,Avatar Part I,4.1,2026-06-01 14:22:00
U271,The Matrix Reloaded,4.1,2026-06-01 14:22:00
U272,The Hangover Original,4.1,2026-06-01 14:22:00
U272,Toy Story Evolution,15.0,2026-06-01 14:22:00
U272,Seven Reborn,4.1,2026-06-01 14:22:00
U272,La La Land Saga,4.1,2026-06-01 14:22:00
U273,Inception Original,4.1,2026-06-01 14:22:00
U273,Gladiator Legacy,4.1,
U273,Avatar Part I,4.1,2026-06-01 14:22:00
U273,The Matrix Reloaded,4.1,2026-06-01 14:22:00
U274,The Hangover Original,15.0,2026-06-01 14:22:00
U274,Toy Story Evolution,4.1,2026-06-01 14:22:00
U274,Seven Reborn,4.1,2026-06-01 14:22:00
U274,La La Land Saga,4.1,2026-06-01 14:22:00
U275,Inception Original,4.1,2026-06-01 14:22:00
U275,Gladiator Legacy,4.1,2026-06-01 14:22:00
U275,Avatar Part I,4.1,
U275,The Matrix Reloaded,15.0,2026-06-01 14:22:00
U276,The Hangover Original,4.1,2026-06-01 14:22:00
U276,Toy Story Evolution,4.1,2026-06-01 14:22:00
U276,Seven Reborn,4.1,2026-06-01 14:22:00
U276,La La Land Saga,4.1,2026-06-01 14:22:00
U277,Inception Original,4.1,2026-06-01 14:22:00
U277,Gladiator Legacy,4.1,2026-06-01 14:22:00
U277,Avatar Part I,15.0,2026-06-01 14:22:00
U277,The Matrix Reloaded,4.1,
U278,The Hangover Original,4.1,2026-06-01 14:22:00
U278,Toy Story Evolution,4.1,2026-06-01 14:22:00
U278,Seven Reborn,4.1,2026-06-01 14:22:00
U278,La La Land Saga,4.1,2026-06-01 14:22:00
U279,Inception Original,4.1,2026-06-01 14:22:00
U279,Gladiator Legacy,15.0,2026-06-01 14:22:00
U279,Avatar Part I,4.1,2026-06-01 14:22:00
U279,The Matrix Reloaded,4.1,2026-06-01 14:22:00
U280,The Hangover Original,4.1,
U280,Toy Story Evolution,4.1,2026-06-01 14:22:00
U280,Seven Reborn,4.1,2026-06-01 14:22:00
U280,La La Land Saga,4.1,2026-06-01 14:22:00
U281,Inception Original,15.0,2026-06-01 14:22:00
U281,Gladiator Legacy,4.1,2026-06-01 14:22:00
U281,Avatar Part I,4.1,2026-06-01 14:22:00
U281,The Matrix Reloaded,4.1,2026-06-01 14:22:00
U282,The Hangover Original,4.1,2026-06-01 14:22:00
U282,Toy Story Evolution,4.1,
U282,Seven Reborn,4.1,2026-06-01 14:22:00
U282,La La Land Saga,15.0,2026-06-01 14:22:00
U283,Inception Original,4.1,2026-06-01 14:22:00
U283,Gladiator Legacy,4.1,2026-06-01 14:22:00
U283,Avatar Part I,4.1,2026-06-01 14:22:00
U283,The Matrix Reloaded,4.1,2026-06-01 14:22:00
U284,The Hangover Original,4.1,2026-06-01 14:22:00
U284,Toy Story Evolution,4.1,2026-06-01 14:22:00
U284,Seven Reborn,15.0,
U284,La La Land Saga,4.1,2026-06-01 14:22:00
U285,Inception Original,4.1,2026-06-01 14:22:00
U285,Gladiator Legacy,4.1,2026-06-01 14:22:00
U285,Avatar Part I,4.1,2026-06-01 14:22:00
U285,The Matrix Reloaded,4.1,2026-06-01 14:22:00
U286,The Hangover Original,4.1,2026-06-01 14:22:00
U286,Toy Story Evolution,15.0,2026-06-01 14:22:00
U286,Seven Reborn,4.1,2026-06-01 14:22:00
U286,La La Land Saga,4.1,
U287,Inception Original,4.1,2026-06-01 14:22:00
U287,Gladiator Legacy,4.1,2026-06-01 14:22:00
U287,Avatar Part I,4.1,2026-06-01 14:22:00
U287,The Matrix Reloaded,4.1,2026-06-01 14:22:00
U288,The Hangover Original,15.0,2026-06-01 14:22:00
U288,Toy Story Evolution,4.1,2026-06-01 14:22:00
U288,Seven Reborn,4.1,2026-06-01 14:22:00
U288,La La Land Saga,4.1,2026-06-01 14:22:00
U289,Inception Original,4.1,
U289,Gladiator Legacy,4.1,2026-06-01 14:22:00
U289,Avatar Part I,4.1,2026-06-01 14:22:00
U289,The Matrix Reloaded,15.0,2026-06-01 14:22:00
U290,The Hangover Original,4.1,2026-06-01 14:22:00
U290,Toy Story Evolution,4.1,2026-06-01 14:22:00
U290,Seven Reborn,4.1,2026-06-01 14:22:00
U290,La La Land Saga,4.1,2026-06-01 14:22:00
U291,Inception Original,4.1,2026-06-01 14:22:00
U291,Gladiator Legacy,4.1,
U291,Avatar Part I,15.0,2026-06-01 14:22:00
U291,The Matrix Reloaded,4.1,2026-06-01 14:22:00
U292,The Hangover Original,4.1,2026-06-01 14:22:00
U292,Toy Story Evolution,4.1,2026-06-01 14:22:00
U292,Seven Reborn,4.1,2026-06-01 14:22:00
U292,La La Land Saga,4.1,2026-06-01 14:22:00
U293,Inception Original,4.1,2026-06-01 14:22:00
U293,Gladiator Legacy,15.0,2026-06-01 14:22:00
U293,Avatar Part I,4.1,
U293,The Matrix Reloaded,4.1,2026-06-01 14:22:00
U294,The Hangover Original,4.1,2026-06-01 14:22:00
U294,Toy Story Evolution,4.1,2026-06-01 14:22:00
U294,Seven Reborn,4.1,2026-06-01 14:22:00
U294,La La Land Saga,4.1,2026-06-01 14:22:00
U295,Inception Original,15.0,2026-06-01 14:22:00
U295,Gladiator Legacy,4.1,2026-06-01 14:22:00
U295,Avatar Part I,4.1,2026-06-01 14:22:00
U295,The Matrix Reloaded,4.1,
U296,The Hangover Original,4.1,2026-06-01 14:22:00
U296,Toy Story Evolution,4.1,2026-06-01 14:22:00
U296,Seven Reborn,4.1,2026-06-01 14:22:00
U296,La La Land Saga,15.0,2026-06-01 14:22:00
U297,Inception Original,4.1,2026-06-01 14:22:00
U297,Gladiator Legacy,4.1,2026-06-01 14:22:00
U297,Avatar Part I,4.1,2026-06-01 14:22:00
U297,The Matrix Reloaded,4.1,2026-06-01 14:22:00
U298,The Hangover Original,4.1,
U298,Toy Story Evolution,4.1,2026-06-01 14:22:00
U298,Seven Reborn,15.0,2026-06-01 14:22:00
U298,La La Land Saga,4.1,2026-06-01 14:22:00
U299,Inception Original,4.1,2026-06-01 14:22:00
U299,Gladiator Legacy,4.1,2026-06-01 14:22:00
U299,Avatar Part I,4.1,2026-06-01 14:22:00
U299,The Matrix Reloaded,4.1,2026-06-01 14:22:00
U300,The Hangover Original,4.1,2026-06-01 14:22:00
U300,Toy Story Evolution,15.0,
U300,Seven Reborn,4.1,2026-06-01 14:22:00
U300,La La Land Saga,4.1,2026-06-01 14:22:00
U301,Inception Original,4.1,2026-06-01 14:22:00
U301,Gladiator Legacy,4.1,2026-06-01 14:22:00
U301,Avatar Part I,4.1,2026-06-01 14:22:00
U301,The Matrix Reloaded,4.1,2026-06-01 14:22:00
U302,The Hangover Original,15.0,2026-06-01 14:22:00
U302,Toy Story Evolution,4.1,2026-06-01 14:22:00
U302,Seven Reborn,4.1,
U302,La La Land Saga,4.1,2026-06-01 14:22:00
U303,Inception Original,4.1,2026-06-01 14:22:00
U303,Gladiator Legacy,4.1,2026-06-01 14:22:00
U303,Avatar Part I,4.1,2026-06-01 14:22:00
U303,The Matrix Reloaded,15.0,2026-06-01 14:22:00
U304,The Hangover Original,4.1,2026-06-01 14:22:00
U304,Toy Story Evolution,4.1,2026-06-01 14:22:00
U304,Seven Reborn,4.1,2026-06-01 14:22:00
U304,La La Land Saga,4.1,
U305,Inception Original,4.1,2026-06-01 14:22:00
U305,Gladiator Legacy,4.1,2026-06-01 14:22:00
U305,Avatar Part I,15.0,2026-06-01 14:22:00
U305,The Matrix Reloaded,4.1,2026-06-01 14:22:00
U306,The Hangover Original,4.1,2026-06-01 14:22:00
U306,Toy Story Evolution,4.1,2026-06-01 14:22:00
U306,Seven Reborn,4.1,2026-06-01 14:22:00
U306,La La Land Saga,4.1,2026-06-01 14:22:00
U307,Inception Original,4.1,
U307,Gladiator Legacy,15.0,2026-06-01 14:22:00
U307,Avatar Part I,4.1,2026-06-01 14:22:00
U307,The Matrix Reloaded,4.1,2026-06-01 14:22:00
U308,The Hangover Original,4.1,2026-06-01 14:22:00
U308,Toy Story Evolution,4.1,2026-06-01 14:22:00
U308,Seven Reborn,4.1,2026-06-01 14:22:00
U308,La La Land Saga,4.1,2026-06-01 14:22:00
U309,Inception Original,15.0,2026-06-01 14:22:00
U309,Gladiator Legacy,4.1,
U309,Avatar Part I,4.1,2026-06-01 14:22:00
U309,The Matrix Reloaded,4.1,2026-06-01 14:22:00
U310,The Hangover Original,4.1,2026-06-01 14:22:00
U310,Toy Story Evolution,4.1,2026-06-01 14:22:00
U310,Seven Reborn,4.1,2026-06-01 14:22:00
U310,La La Land Saga,15.0,2026-06-01 14:22:00
U311,Inception Original,4.1,2026-06-01 14:22:00
U311,Gladiator Legacy,4.1,2026-06-01 14:22:00
U311,Avatar Part I,4.1,
U311,The Matrix Reloaded,4.1,2026-06-01 14:22:00
U312,The Hangover Original,4.1,2026-06-01 14:22:00
U312,Toy Story Evolution,4.1,2026-06-01 14:22:00
U312,Seven Reborn,15.0,2026-06-01 14:22:00
U312,La La Land Saga,4.1,2026-06-01 14:22:00
U313,Inception Original,4.1,2026-06-01 14:22:00
U313,Gladiator Legacy,4.1,2026-06-01 14:22:00
U313,Avatar Part I,4.1,2026-06-01 14:22:00
U313,The Matrix Reloaded,4.1,
U314,The Hangover Original,4.1,2026-06-01 14:22:00
U314,Toy Story Evolution,15.0,2026-06-01 14:22:00
U314,Seven Reborn,4.1,2026-06-01 14:22:00
U314,La La Land Saga,4.1,2026-06-01 14:22:00
U315,Inception Original,4.1,2026-06-01 14:22:00
U315,Gladiator Legacy,4.1,2026-06-01 14:22:00
U315,Avatar Part I,4.1,2026-06-01 14:22:00
U315,The Matrix Reloaded,4.1,2026-06-01 14:22:00
U316,The Hangover Original,15.0,
U316,Toy Story Evolution,4.1,2026-06-01 14:22:00
U316,Seven Reborn,4.1,2026-06-01 14:22:00
U316,La La Land Saga,4.1,2026-06-01 14:22:00
U317,Inception Original,4.1,2026-06-01 14:22:00
U317,Gladiator Legacy,4.1,2026-06-01 14:22:00
U317,Avatar Part I,4.1,2026-06-01 14:22:00
U317,The Matrix Reloaded,15.0,2026-06-01 14:22:00
U318,The Hangover Original,4.1,2026-06-01 14:22:00
U318,Toy Story Evolution,4.1,
U318,Seven Reborn,4.1,2026-06-01 14:22:00
U318,La La Land Saga,4.1,2026-06-01 14:22:00
U319,Inception Original,4.1,2026-06-01 14:22:00
U319,Gladiator Legacy,4.1,2026-06-01 14:22:00
U319,Avatar Part I,15.0,2026-06-01 14:22:00
U319,The Matrix Reloaded,4.1,2026-06-01 14:22:00
U320,The Hangover Original,4.1,2026-06-01 14:22:00
U320,Toy Story Evolution,4.1,2026-06-01 14:22:00
U320,Seven Reborn,4.1,
U320,La La Land Saga,4.1,2026-06-01 14:22:00
U321,Inception Original,4.1,2026-06-01 14:22:00
U321,Gladiator Legacy,15.0,2026-06-01 14:22:00
U321,Avatar Part I,4.1,2026-06-01 14:22:00
U321,The Matrix Reloaded,4.1,2026-06-01 14:22:00
U322,The Hangover Original,4.1,2026-06-01 14:22:00
U322,Toy Story Evolution,4.1,2026-06-01 14:22:00
U322,Seven Reborn,4.1,2026-06-01 14:22:00
U322,La La Land Saga,4.1,
U323,Inception Original,15.0,2026-06-01 14:22:00
U323,Gladiator Legacy,4.1,2026-06-01 14:22:00
U323,Avatar Part I,4.1,2026-06-01 14:22:00
U323,The Matrix Reloaded,4.1,2026-06-01 14:22:00
U324,The Hangover Original,4.1,2026-06-01 14:22:00
U324,Toy Story Evolution,4.1,2026-06-01 14:22:00
U324,Seven Reborn,4.1,2026-06-01 14:22:00
U324,La La Land Saga,15.0,2026-06-01 14:22:00
U325,Inception Original,4.1,
U325,Gladiator Legacy,4.1,2026-06-01 14:22:00
U325,Avatar Part I,4.1,2026-06-01 14:22:00
U325,The Matrix Reloaded,4.1,2026-06-01 14:22:00
U326,The Hangover Original,4.1,2026-06-01 14:22:00
U326,Toy Story Evolution,4.1,2026-06-01 14:22:00
U326,Seven Reborn,15.0,2026-06-01 14:22:00
U326,La La Land Saga,4.1,2026-06-01 14:22:00
U327,Inception Original,4.1,2026-06-01 14:22:00
U327,Gladiator Legacy,4.1,
U327,Avatar Part I,4.1,2026-06-01 14:22:00
U327,The Matrix Reloaded,4.1,2026-06-01 14:22:00
U328,The Hangover Original,4.1,2026-06-01 14:22:00
U328,Toy Story Evolution,15.0,2026-06-01 14:22:00
U328,Seven Reborn,4.1,2026-06-01 14:22:00
U328,La La Land Saga,4.1,2026-06-01 14:22:00
U329,Inception Original,4.1,2026-06-01 14:22:00
U329,Gladiator Legacy,4.1,2026-06-01 14:22:00
U329,Avatar Part I,4.1,
U329,The Matrix Reloaded,4.1,2026-06-01 14:22:00
U330,The Hangover Original,15.0,2026-06-01 14:22:00
U330,Toy Story Evolution,4.1,2026-06-01 14:22:00
U330,Seven Reborn,4.1,2026-06-01 14:22:00
U330,La La Land Saga,4.1,2026-06-01 14:22:00
U331,Inception Original,4.1,2026-06-01 14:22:00
U331,Gladiator Legacy,4.1,2026-06-01 14:22:00
U331,Avatar Part I,4.1,2026-06-01 14:22:00
U331,The Matrix Reloaded,15.0,
U332,The Hangover Original,4.1,2026-06-01 14:22:00
U332,Toy Story Evolution,4.1,2026-06-01 14:22:00
U332,Seven Reborn,4.1,2026-06-01 14:22:00
U332,La La Land Saga,4.1,2026-06-01 14:22:00
U333,Inception Original,4.1,2026-06-01 14:22:00
U333,Gladiator Legacy,4.1,2026-06-01 14:22:00
U333,Avatar Part I,15.0,2026-06-01 14:22:00
U333,The Matrix Reloaded,4.1,2026-06-01 14:22:00
U334,The Hangover Original,4.1,
U334,Toy Story Evolution,4.1,2026-06-01 14:22:00
U334,Seven Reborn,4.1,2026-06-01 14:22:00
U334,La La Land Saga,4.1,2026-06-01 14:22:00
U335,Inception Original,4.1,2026-06-01 14:22:00
U335,Gladiator Legacy,15.0,2026-06-01 14:22:00
U335,Avatar Part I,4.1,2026-06-01 14:22:00
U335,The Matrix Reloaded,4.1,2026-06-01 14:22:00
U336,The Hangover Original,4.1,2026-06-01 14:22:00
U336,Toy Story Evolution,4.1,
U336,Seven Reborn,4.1,2026-06-01 14:22:00
U336,La La Land Saga,4.1,2026-06-01 14:22:00
U337,Inception Original,15.0,2026-06-01 14:22:00
U337,Gladiator Legacy,4.1,2026-06-01 14:22:00
U337,Avatar Part I,4.1,2026-06-01 14:22:00
U337,The Matrix Reloaded,4.1,2026-06-01 14:22:00
U338,The Hangover Original,4.1,2026-06-01 14:22:00
U338,Toy Story Evolution,4.1,2026-06-01 14:22:00
U338,Seven Reborn,4.1,
U338,La La Land Saga,15.0,2026-06-01 14:22:00
U339,Inception Original,4.1,2026-06-01 14:22:00
U339,Gladiator Legacy,4.1,2026-06-01 14:22:00
U339,Avatar Part I,4.1,2026-06-01 14:22:00
U339,The Matrix Reloaded,4.1,2026-06-01 14:22:00
U340,The Hangover Original,4.1,2026-06-01 14:22:00
U340,Toy Story Evolution,4.1,2026-06-01 14:22:00
U340,Seven Reborn,15.0,2026-06-01 14:22:00
U340,La La Land Saga,4.1,
U341,Inception Original,4.1,2026-06-01 14:22:00
U341,Gladiator Legacy,4.1,2026-06-01 14:22:00
U341,Avatar Part I,4.1,2026-06-01 14:22:00
U341,The Matrix Reloaded,4.1,2026-06-01 14:22:00
U342,The Hangover Original,4.1,2026-06-01 14:22:00
U342,Toy Story Evolution,15.0,2026-06-01 14:22:00
U342,Seven Reborn,4.1,2026-06-01 14:22:00
U342,La La Land Saga,4.1,2026-06-01 14:22:00
U343,Inception Original,4.1,
U343,Gladiator Legacy,4.1,2026-06-01 14:22:00
U343,Avatar Part I,4.1,2026-06-01 14:22:00
U343,The Matrix Reloaded,4.1,2026-06-01 14:22:00
U344,The Hangover Original,15.0,2026-06-01 14:22:00
U344,Toy Story Evolution,4.1,2026-06-01 14:22:00
U344,Seven Reborn,4.1,2026-06-01 14:22:00
U344,La La Land Saga,4.1,2026-06-01 14:22:00
U345,Inception Original,4.1,2026-06-01 14:22:00
U345,Gladiator Legacy,4.1,
U345,Avatar Part I,4.1,2026-06-01 14:22:00
U345,The Matrix Reloaded,15.0,2026-06-01 14:22:00
U346,The Hangover Original,4.1,2026-06-01 14:22:00
U346,Toy Story Evolution,4.1,2026-06-01 14:22:00
U346,Seven Reborn,4.1,2026-06-01 14:22:00
U346,La La Land Saga,4.1,2026-06-01 14:22:00
U347,Inception Original,4.1,2026-06-01 14:22:00
U347,Gladiator Legacy,4.1,2026-06-01 14:22:00
U347,Avatar Part I,15.0,
U347,The Matrix Reloaded,4.1,2026-06-01 14:22:00
U348,The Hangover Original,4.1,2026-06-01 14:22:00
U348,Toy Story Evolution,4.1,2026-06-01 14:22:00
U348,Seven Reborn,4.1,2026-06-01 14:22:00
U348,La La Land Saga,4.1,2026-06-01 14:22:00
U349,Inception Original,4.1,2026-06-01 14:22:00
U349,Gladiator Legacy,15.0,2026-06-01 14:22:00
U349,Avatar Part I,4.1,2026-06-01 14:22:00
U349,The Matrix Reloaded,4.1,
U350,The Hangover Original,4.1,2026-06-01 14:22:00
U350,Toy Story Evolution,4.1,2026-06-01 14:22:00
U350,Seven Reborn,4.1,2026-06-01 14:22:00
U350,La La Land Saga,4.1,2026-06-01 14:22:00
U351,Inception Original,15.0,2026-06-01 14:22:00
U351,Gladiator Legacy,4.1,2026-06-01 14:22:00
U351,Avatar Part I,4.1,2026-06-01 14:22:00
U351,The Matrix Reloaded,4.1,2026-06-01 14:22:00
U352,The Hangover Original,4.1,
U352,Toy Story Evolution,4.1,2026-06-01 14:22:00
U352,Seven Reborn,4.1,2026-06-01 14:22:00
U352,La La Land Saga,15.0,2026-06-01 14:22:00
U353,Inception Original,4.1,2026-06-01 14:22:00
U353,Gladiator Legacy,4.1,2026-06-01 14:22:00
U353,Avatar Part I,4.1,2026-06-01 14:22:00
U353,The Matrix Reloaded,4.1,2026-06-01 14:22:00
U354,The Hangover Original,4.1,2026-06-01 14:22:00
U354,Toy Story Evolution,4.1,
U354,Seven Reborn,15.0,2026-06-01 14:22:00
U354,La La Land Saga,4.1,2026-06-01 14:22:00
U355,Inception Original,4.1,2026-06-01 14:22:00
U355,Gladiator Legacy,4.1,2026-06-01 14:22:00
U355,Avatar Part I,4.1,2026-06-01 14:22:00
U355,The Matrix Reloaded,4.1,2026-06-01 14:22:00
U356,The Hangover Original,4.1,2026-06-01 14:22:00
U356,Toy Story Evolution,15.0,2026-06-01 14:22:00
U356,Seven Reborn,4.1,
U356,La La Land Saga,4.1,2026-06-01 14:22:00
U357,Inception Original,4.1,2026-06-01 14:22:00
U357,Gladiator Legacy,4.1,2026-06-01 14:22:00
U357,Avatar Part I,4.1,2026-06-01 14:22:00
U357,The Matrix Reloaded,4.1,2026-06-01 14:22:00
U358,The Hangover Original,15.0,2026-06-01 14:22:00
U358,Toy Story Evolution,4.1,2026-06-01 14:22:00
U358,Seven Reborn,4.1,2026-06-01 14:22:00
U358,La La Land Saga,4.1,
U359,Inception Original,4.1,2026-06-01 14:22:00
U359,Gladiator Legacy,4.1,2026-06-01 14:22:00
U359,Avatar Part I,4.1,2026-06-01 14:22:00
U359,The Matrix Reloaded,15.0,2026-06-01 14:22:00
U360,The Hangover Original,4.1,2026-06-01 14:22:00
U360,Toy Story Evolution,4.1,2026-06-01 14:22:00
U360,Seven Reborn,4.1,2026-06-01 14:22:00
U360,La La Land Saga,4.1,2026-06-01 14:22:00
U361,Inception Original,4.1,
U361,Gladiator Legacy,4.1,2026-06-01 14:22:00
U361,Avatar Part I,15.0,2026-06-01 14:22:00
U361,The Matrix Reloaded,4.1,2026-06-01 14:22:00
U362,The Hangover Original,4.1,2026-06-01 14:22:00
U362,Toy Story Evolution,4.1,2026-06-01 14:22:00
U362,Seven Reborn,4.1,2026-06-01 14:22:00
U362,La La Land Saga,4.1,2026-06-01 14:22:00
U363,Inception Original,4.1,2026-06-01 14:22:00
U363,Gladiator Legacy,15.0,
U363,Avatar Part I,4.1,2026-06-01 14:22:00
U363,The Matrix Reloaded,4.1,2026-06-01 14:22:00
U364,The Hangover Original,4.1,2026-06-01 14:22:00
U364,Toy Story Evolution,4.1,2026-06-01 14:22:00
U364,Seven Reborn,4.1,2026-06-01 14:22:00
U364,La La Land Saga,4.1,2026-06-01 14:22:00
U365,Inception Original,15.0,2026-06-01 14:22:00
U365,Gladiator Legacy,4.1,2026-06-01 14:22:00
U365,Avatar Part I,4.1,
U365,The Matrix Reloaded,4.1,2026-06-01 14:22:00
U366,The Hangover Original,4.1,2026-06-01 14:22:00
U366,Toy Story Evolution,4.1,2026-06-01 14:22:00
U366,Seven Reborn,4.1,2026-06-01 14:22:00
U366,La La Land Saga,15.0,2026-06-01 14:22:00
U367,Inception Original,4.1,2026-06-01 14:22:00
U367,Gladiator Legacy,4.1,2026-06-01 14:22:00
U367,Avatar Part I,4.1,2026-06-01 14:22:00
U367,The Matrix Reloaded,4.1,
U368,The Hangover Original,4.1,2026-06-01 14:22:00
U368,Toy Story Evolution,4.1,2026-06-01 14:22:00
U368,Seven Reborn,15.0,2026-06-01 14:22:00
U368,La La Land Saga,4.1,2026-06-01 14:22:00
U369,Inception Original,4.1,2026-06-01 14:22:00
U369,Gladiator Legacy,4.1,2026-06-01 14:22:00
U369,Avatar Part I,4.1,2026-06-01 14:22:00
U369,The Matrix Reloaded,4.1,2026-06-01 14:22:00
U370,The Hangover Original,4.1,
U370,Toy Story Evolution,15.0,2026-06-01 14:22:00
U370,Seven Reborn,4.1,2026-06-01 14:22:00
U370,La La Land Saga,4.1,2026-06-01 14:22:00
U371,Inception Original,4.1,2026-06-01 14:22:00
U371,Gladiator Legacy,4.1,2026-06-01 14:22:00
U371,Avatar Part I,4.1,2026-06-01 14:22:00
U371,The Matrix Reloaded,4.1,2026-06-01 14:22:00
U372,The Hangover Original,15.0,2026-06-01 14:22:00
U372,Toy Story Evolution,4.1,
U372,Seven Reborn,4.1,2026-06-01 14:22:00
U372,La La Land Saga,4.1,2026-06-01 14:22:00
U373,Inception Original,4.1,2026-06-01 14:22:00
U373,Gladiator Legacy,4.1,2026-06-01 14:22:00
U373,Avatar Part I,4.1,2026-06-01 14:22:00
U373,The Matrix Reloaded,15.0,2026-06-01 14:22:00
U374,The Hangover Original,4.1,2026-06-01 14:22:00
U374,Toy Story Evolution,4.1,2026-06-01 14:22:00
U374,Seven Reborn,4.1,
U374,La La Land Saga,4.1,2026-06-01 14:22:00
U375,Inception Original,4.1,2026-06-01 14:22:00
U375,Gladiator Legacy,4.1,2026-06-01 14:22:00
U375,Avatar Part I,15.0,2026-06-01 14:22:00
U375,The Matrix Reloaded,4.1,2026-06-01 14:22:00
U376,The Hangover Original,4.1,2026-06-01 14:22:00
U376,Toy Story Evolution,4.1,2026-06-01 14:22:00
U376,Seven Reborn,4.1,2026-06-01 14:22:00
U376,La La Land Saga,4.1,
U377,Inception Original,4.1,2026-06-01 14:22:00
U377,Gladiator Legacy,15.0,2026-06-01 14:22:00
U377,Avatar Part I,4.1,2026-06-01 14:22:00
U377,The Matrix Reloaded,4.1,2026-06-01 14:22:00
U378,The Hangover Original,4.1,2026-06-01 14:22:00
U378,Toy Story Evolution,4.1,2026-06-01 14:22:00
U378,Seven Reborn,4.1,2026-06-01 14:22:00
U378,La La Land Saga,4.1,2026-06-01 14:22:00
U379,Inception Original,15.0,
U379,Gladiator Legacy,4.1,2026-06-01 14:22:00
U379,Avatar Part I,4.1,2026-06-01 14:22:00
U379,The Matrix Reloaded,4.1,2026-06-01 14:22:00
U380,The Hangover Original,4.1,2026-06-01 14:22:00
U380,Toy Story Evolution,4.1,2026-06-01 14:22:00
U380,Seven Reborn,4.1,2026-06-01 14:22:00
U380,La La Land Saga,15.0,2026-06-01 14:22:00
U381,Inception Original,4.1,2026-06-01 14:22:00
U381,Gladiator Legacy,4.1,
U381,Avatar Part I,4.1,2026-06-01 14:22:00
U381,The Matrix Reloaded,4.1,2026-06-01 14:22:00
U382,The Hangover Original,4.1,2026-06-01 14:22:00
U382,Toy Story Evolution,4.1,2026-06-01 14:22:00
U382,Seven Reborn,15.0,2026-06-01 14:22:00
U382,La La Land Saga,4.1,2026-06-01 14:22:00
U383,Inception Original,4.1,2026-06-01 14:22:00
U383,Gladiator Legacy,4.1,2026-06-01 14:22:00
U383,Avatar Part I,4.1,
U383,The Matrix Reloaded,4.1,2026-06-01 14:22:00
U384,The Hangover Original,4.1,2026-06-01 14:22:00
U384,Toy Story Evolution,15.0,2026-06-01 14:22:00
U384,Seven Reborn,4.1,2026-06-01 14:22:00
U384,La La Land Saga,4.1,2026-06-01 14:22:00
U385,Inception Original,4.1,2026-06-01 14:22:00
U385,Gladiator Legacy,4.1,2026-06-01 14:22:00
U385,Avatar Part I,4.1,2026-06-01 14:22:00
U385,The Matrix Reloaded,4.1,
U386,The Hangover Original,15.0,2026-06-01 14:22:00
U386,Toy Story Evolution,4.1,2026-06-01 14:22:00
U386,Seven Reborn,4.1,2026-06-01 14:22:00
U386,La La Land Saga,4.1,2026-06-01 14:22:00
U387,Inception Original,4.1,2026-06-01 14:22:00
U387,Gladiator Legacy,4.1,2026-06-01 14:22:00
U387,Avatar Part I,4.1,2026-06-01 14:22:00
U387,The Matrix Reloaded,15.0,2026-06-01 14:22:00
U388,The Hangover Original,4.1,
U388,Toy Story Evolution,4.1,2026-06-01 14:22:00
U388,Seven Reborn,4.1,2026-06-01 14:22:00
U388,La La Land Saga,4.1,2026-06-01 14:22:00
U389,Inception Original,4.1,2026-06-01 14:22:00
U389,Gladiator Legacy,4.1,2026-06-01 14:22:00
U389,Avatar Part I,15.0,2026-06-01 14:22:00
U389,The Matrix Reloaded,4.1,2026-06-01 14:22:00
U390,The Hangover Original,4.1,2026-06-01 14:22:00
U390,Toy Story Evolution,4.1,
U390,Seven Reborn,4.1,2026-06-01 14:22:00
U390,La La Land Saga,4.1,2026-06-01 14:22:00
U391,Inception Original,4.1,2026-06-01 14:22:00
U391,Gladiator Legacy,15.0,2026-06-01 14:22:00
U391,Avatar Part I,4.1,2026-06-01 14:22:00
U391,The Matrix Reloaded,4.1,2026-06-01 14:22:00
U392,The Hangover Original,4.1,2026-06-01 14:22:00
U392,Toy Story Evolution,4.1,2026-06-01 14:22:00
U392,Seven Reborn,4.1,
U392,La La Land Saga,4.1,2026-06-01 14:22:00
U393,Inception Original,15.0,2026-06-01 14:22:00
U393,Gladiator Legacy,4.1,2026-06-01 14:22:00
U393,Avatar Part I,4.1,2026-06-01 14:22:00
U393,The Matrix Reloaded,4.1,2026-06-01 14:22:00
U394,The Hangover Original,4.1,2026-06-01 14:22:00
U394,Toy Story Evolution,4.1,2026-06-01 14:22:00
U394,Seven Reborn,4.1,2026-06-01 14:22:00
U394,La La Land Saga,15.0,
U395,Inception Original,4.1,2026-06-01 14:22:00
U395,Gladiator Legacy,4.1,2026-06-01 14:22:00
U395,Avatar Part I,4.1,2026-06-01 14:22:00
U395,The Matrix Reloaded,4.1,2026-06-01 14:22:00
U396,The Hangover Original,4.1,2026-06-01 14:22:00
U396,Toy Story Evolution,4.1,2026-06-01 14:22:00
U396,Seven Reborn,15.0,2026-06-01 14:22:00
U396,La La Land Saga,4.1,2026-06-01 14:22:00
U397,Inception Original,4.1,
U397,Gladiator Legacy,4.1,2026-06-01 14:22:00
U397,Avatar Part I,4.1,2026-06-01 14:22:00
U397,The Matrix Reloaded,4.1,2026-06-01 14:22:00
U398,The Hangover Original,4.1,2026-06-01 14:22:00
U398,Toy Story Evolution,15.0,2026-06-01 14:22:00
U398,Seven Reborn,4.1,2026-06-01 14:22:00
U398,La La Land Saga,4.1,2026-06-01 14:22:00
U399,Inception Original,4.1,2026-06-01 14:22:00
U399,Gladiator Legacy,4.1,
U399,Avatar Part I,4.1,2026-06-01 14:22:00
U399,The Matrix Reloaded,4.1,2026-06-01 14:22:00
U400,The Hangover Original,15.0,2026-06-01 14:22:00
U400,Toy Story Evolution,4.1,2026-06-01 14:22:00
U400,Seven Reborn,4.1,2026-06-01 14:22:00
U400,La La Land Saga,4.1,2026-06-01 14:22:00
U401,Inception Original,4.1,2026-06-01 14:22:00
U401,Gladiator Legacy,4.1,2026-06-01 14:22:00
U401,Avatar Part I,4.1,
U401,The Matrix Reloaded,15.0,2026-06-01 14:22:00
U402,The Hangover Original,4.1,2026-06-01 14:22:00
U402,Toy Story Evolution,4.1,2026-06-01 14:22:00
U402,Seven Reborn,4.1,2026-06-01 14:22:00
U402,La La Land Saga,4.1,2026-06-01 14:22:00
U403,Inception Original,4.1,2026-06-01 14:22:00
U403,Gladiator Legacy,4.1,2026-06-01 14:22:00
U403,Avatar Part I,15.0,2026-06-01 14:22:00
U403,The Matrix Reloaded,4.1,
U404,The Hangover Original,4.1,2026-06-01 14:22:00
U404,Toy Story Evolution,4.1,2026-06-01 14:22:00
U404,Seven Reborn,4.1,2026-06-01 14:22:00
U404,La La Land Saga,4.1,2026-06-01 14:22:00
U405,Inception Original,4.1,2026-06-01 14:22:00
U405,Gladiator Legacy,15.0,2026-06-01 14:22:00
U405,Avatar Part I,4.1,2026-06-01 14:22:00
U405,The Matrix Reloaded,4.1,2026-06-01 14:22:00
U406,The Hangover Original,4.1,
U406,Toy Story Evolution,4.1,2026-06-01 14:22:00
U406,Seven Reborn,4.1,2026-06-01 14:22:00
U406,La La Land Saga,4.1,2026-06-01 14:22:00
U407,Inception Original,15.0,2026-06-01 14:22:00
U407,Gladiator Legacy,4.1,2026-06-01 14:22:00
U407,Avatar Part I,4.1,2026-06-01 14:22:00
U407,The Matrix Reloaded,4.1,2026-06-01 14:22:00
U408,The Hangover Original,4.1,2026-06-01 14:22:00
U408,Toy Story Evolution,4.1,
U408,Seven Reborn,4.1,2026-06-01 14:22:00
U408,La La Land Saga,15.0,2026-06-01 14:22:00
U409,Inception Original,4.1,2026-06-01 14:22:00
U409,Gladiator Legacy,4.1,2026-06-01 14:22:00
U409,Avatar Part I,4.1,2026-06-01 14:22:00
U409,The Matrix Reloaded,4.1,2026-06-01 14:22:00
U410,The Hangover Original,4.1,2026-06-01 14:22:00
U410,Toy Story Evolution,4.1,2026-06-01 14:22:00
U410,Seven Reborn,15.0,
U410,La La Land Saga,4.1,2026-06-01 14:22:00
U411,Inception Original,4.1,2026-06-01 14:22:00
U411,Gladiator Legacy,4.1,2026-06-01 14:22:00
U411,Avatar Part I,4.1,2026-06-01 14:22:00
U411,The Matrix Reloaded,4.1,2026-06-01 14:22:00
U412,The Hangover Original,4.1,2026-06-01 14:22:00
U412,Toy Story Evolution,15.0,2026-06-01 14:22:00
U412,Seven Reborn,4.1,2026-06-01 14:22:00
U412,La La Land Saga,4.1,
U413,Inception Original,4.1,2026-06-01 14:22:00
U413,Gladiator Legacy,4.1,2026-06-01 14:22:00
U413,Avatar Part I,4.1,2026-06-01 14:22:00
U413,The Matrix Reloaded,4.1,2026-06-01 14:22:00
U414,The Hangover Original,15.0,2026-06-01 14:22:00
U414,Toy Story Evolution,4.1,2026-06-01 14:22:00
U414,Seven Reborn,4.1,2026-06-01 14:22:00
U414,La La Land Saga,4.1,2026-06-01 14:22:00
U415,Inception Original,4.1,
U415,Gladiator Legacy,4.1,2026-06-01 14:22:00
U415,Avatar Part I,4.1,2026-06-01 14:22:00
U415,The Matrix Reloaded,15.0,2026-06-01 14:22:00
U416,The Hangover Original,4.1,2026-06-01 14:22:00
U416,Toy Story Evolution,4.1,2026-06-01 14:22:00
U416,Seven Reborn,4.1,2026-06-01 14:22:00
U416,La La Land Saga,4.1,2026-06-01 14:22:00
U417,Inception Original,4.1,2026-06-01 14:22:00
U417,Gladiator Legacy,4.1,
U417,Avatar Part I,15.0,2026-06-01 14:22:00
U417,The Matrix Reloaded,4.1,2026-06-01 14:22:00
U418,The Hangover Original,4.1,2026-06-01 14:22:00
U418,Toy Story Evolution,4.1,2026-06-01 14:22:00
U418,Seven Reborn,4.1,2026-06-01 14:22:00
U418,La La Land Saga,4.1,2026-06-01 14:22:00
U419,Inception Original,4.1,2026-06-01 14:22:00
U419,Gladiator Legacy,15.0,2026-06-01 14:22:00
U419,Avatar Part I,4.1,
U419,The Matrix Reloaded,4.1,2026-06-01 14:22:00
U420,The Hangover Original,4.1,2026-06-01 14:22:00
U420,Toy Story Evolution,4.1,2026-06-01 14:22:00
U420,Seven Reborn,4.1,2026-06-01 14:22:00
U420,La La Land Saga,4.1,2026-06-01 14:22:00
U421,Inception Original,15.0,2026-06-01 14:22:00
U421,Gladiator Legacy,4.1,2026-06-01 14:22:00
U421,Avatar Part I,4.1,2026-06-01 14:22:00
U421,The Matrix Reloaded,4.1,
U422,The Hangover Original,4.1,2026-06-01 14:22:00
U422,Toy Story Evolution,4.1,2026-06-01 14:22:00
U422,Seven Reborn,4.1,2026-06-01 14:22:00
U422,La La Land Saga,15.0,2026-06-01 14:22:00
U423,Inception Original,4.1,2026-06-01 14:22:00
U423,Gladiator Legacy,4.1,2026-06-01 14:22:00
U423,Avatar Part I,4.1,2026-06-01 14:22:00
U423,The Matrix Reloaded,4.1,2026-06-01 14:22:00
U424,The Hangover Original,4.1,
U424,Toy Story Evolution,4.1,2026-06-01 14:22:00
U424,Seven Reborn,15.0,2026-06-01 14:22:00
U424,La La Land Saga,4.1,2026-06-01 14:22:00
U425,Inception Original,4.1,2026-06-01 14:22:00
U425,Gladiator Legacy,4.1,2026-06-01 14:22:00
U425,Avatar Part I,4.1,2026-06-01 14:22:00
U425,The Matrix Reloaded,4.1,2026-06-01 14:22:00
U426,The Hangover Original,4.1,2026-06-01 14:22:00
U426,Toy Story Evolution,15.0,
U426,Seven Reborn,4.1,2026-06-01 14:22:00
U426,La La Land Saga,4.1,2026-06-01 14:22:00
U427,Inception Original,4.1,2026-06-01 14:22:00
U427,Gladiator Legacy,4.1,2026-06-01 14:22:00
U427,Avatar Part I,4.1,2026-06-01 14:22:00
U427,The Matrix Reloaded,4.1,2026-06-01 14:22:00
U428,The Hangover Original,15.0,2026-06-01 14:22:00
U428,Toy Story Evolution,4.1,2026-06-01 14:22:00
U428,Seven Reborn,4.1,
U428,La La Land Saga,4.1,2026-06-01 14:22:00
U429,Inception Original,4.1,2026-06-01 14:22:00
U429,Gladiator Legacy,4.1,2026-06-01 14:22:00
U429,Avatar Part I,4.1,2026-06-01 14:22:00
U429,The Matrix Reloaded,15.0,2026-06-01 14:22:00
U430,The Hangover Original,4.1,2026-06-01 14:22:00
U430,Toy Story Evolution,4.1,2026-06-01 14:22:00
U430,Seven Reborn,4.1,2026-06-01 14:22:00
U430,La La Land Saga,4.1,
U431,Inception Original,4.1,2026-06-01 14:22:00
U431,Gladiator Legacy,4.1,2026-06-01 14:22:00
U431,Avatar Part I,15.0,2026-06-01 14:22:00
U431,The Matrix Reloaded,4.1,2026-06-01 14:22:00
U432,The Hangover Original,4.1,2026-06-01 14:22:00
U432,Toy Story Evolution,4.1,2026-06-01 14:22:00
U432,Seven Reborn,4.1,2026-06-01 14:22:00
U432,La La Land Saga,4.1,2026-06-01 14:22:00
U433,Inception Original,4.1,
U433,Gladiator Legacy,15.0,2026-06-01 14:22:00
U433,Avatar Part I,4.1,2026-06-01 14:22:00
U433,The Matrix Reloaded,4.1,2026-06-01 14:22:00
U434,The Hangover Original,4.1,2026-06-01 14:22:00
U434,Toy Story Evolution,4.1,2026-06-01 14:22:00
U434,Seven Reborn,4.1,2026-06-01 14:22:00
U434,La La Land Saga,4.1,2026-06-01 14:22:00
U435,Inception Original,15.0,2026-06-01 14:22:00
U435,Gladiator Legacy,4.1,
U435,Avatar Part I,4.1,2026-06-01 14:22:00
U435,The Matrix Reloaded,4.1,2026-06-01 14:22:00
U436,The Hangover Original,4.1,2026-06-01 14:22:00
U436,Toy Story Evolution,4.1,2026-06-01 14:22:00
U436,Seven Reborn,4.1,2026-06-01 14:22:00
U436,La La Land Saga,15.0,2026-06-01 14:22:00
U437,Inception Original,4.1,2026-06-01 14:22:00
U437,Gladiator Legacy,4.1,2026-06-01 14:22:00
U437,Avatar Part I,4.1,
U437,The Matrix Reloaded,4.1,2026-06-01 14:22:00
U438,The Hangover Original,4.1,2026-06-01 14:22:00
U438,Toy Story Evolution,4.1,2026-06-01 14:22:00
U438,Seven Reborn,15.0,2026-06-01 14:22:00
U438,La La Land Saga,4.1,2026-06-01 14:22:00
U439,Inception Original,4.1,2026-06-01 14:22:00
U439,Gladiator Legacy,4.1,2026-06-01 14:22:00
U439,Avatar Part I,4.1,2026-06-01 14:22:00
U439,The Matrix Reloaded,4.1,
U440,The Hangover Original,4.1,2026-06-01 14:22:00
U440,Toy Story Evolution,15.0,2026-06-01 14:22:00
U440,Seven Reborn,4.1,2026-06-01 14:22:00
U440,La La Land Saga,4.1,2026-06-01 14:22:00
U441,Inception Original,4.1,2026-06-01 14:22:00
U441,Gladiator Legacy,4.1,2026-06-01 14:22:00
U441,Avatar Part I,4.1,2026-06-01 14:22:00
U441,The Matrix Reloaded,4.1,2026-06-01 14:22:00
U442,The Hangover Original,15.0,
U442,Toy Story Evolution,4.1,2026-06-01 14:22:00
U442,Seven Reborn,4.1,2026-06-01 14:22:00
U442,La La Land Saga,4.1,2026-06-01 14:22:00
U443,Inception Original,4.1,2026-06-01 14:22:00
U443,Gladiator Legacy,4.1,2026-06-01 14:22:00
U443,Avatar Part I,4.1,2026-06-01 14:22:00
U443,The Matrix Reloaded,15.0,2026-06-01 14:22:00
U444,The Hangover Original,4.1,2026-06-01 14:22:00
U444,Toy Story Evolution,4.1,
U444,Seven Reborn,4.1,2026-06-01 14:22:00
U444,La La Land Saga,4.1,2026-06-01 14:22:00
U445,Inception Original,4.1,2026-06-01 14:22:00
U445,Gladiator Legacy,4.1,2026-06-01 14:22:00
U445,Avatar Part I,15.0,2026-06-01 14:22:00
U445,The Matrix Reloaded,4.1,2026-06-01 14:22:00
U446,The Hangover Original,4.1,2026-06-01 14:22:00
U446,Toy Story Evolution,4.1,2026-06-01 14:22:00
U446,Seven Reborn,4.1,
U446,La La Land Saga,4.1,2026-06-01 14:22:00
U447,Inception Original,4.1,2026-06-01 14:22:00
U447,Gladiator Legacy,15.0,2026-06-01 14:22:00
U447,Avatar Part I,4.1,2026-06-01 14:22:00
U447,The Matrix Reloaded,4.1,2026-06-01 14:22:00
U448,The Hangover Original,4.1,2026-06-01 14:22:00
U448,Toy Story Evolution,4.1,2026-06-01 14:22:00
U448,Seven Reborn,4.1,2026-06-01 14:22:00
U448,La La Land Saga,4.1,
U449,Inception Original,15.0,2026-06-01 14:22:00
U449,Gladiator Legacy,4.1,2026-06-01 14:22:00
U449,Avatar Part I,4.1,2026-06-01 14:22:00
U449,The Matrix Reloaded,4.1,2026-06-01 14:22:00
U450,The Hangover Original,4.1,2026-06-01 14:22:00
U450,Toy Story Evolution,4.1,2026-06-01 14:22:00
U450,Seven Reborn,4.1,2026-06-01 14:22:00
U450,La La Land Saga,15.0,2026-06-01 14:22:00
U451,Inception Original,4.1,
U451,Gladiator Legacy,4.1,2026-06-01 14:22:00
U451,Avatar Part I,4.1,2026-06-01 14:22:00
U451,The Matrix Reloaded,4.1,2026-06-01 14:22:00
U452,The Hangover Original,4.1,2026-06-01 14:22:00
U452,Toy Story Evolution,4.1,2026-06-01 14:22:00
U452,Seven Reborn,15.0,2026-06-01 14:22:00
U452,La La Land Saga,4.1,2026-06-01 14:22:00
U453,Inception Original,4.1,2026-06-01 14:22:00
U453,Gladiator Legacy,4.1,
U453,Avatar Part I,4.1,2026-06-01 14:22:00
U453,The Matrix Reloaded,4.1,2026-06-01 14:22:00
U454,The Hangover Original,4.1,2026-06-01 14:22:00
U454,Toy Story Evolution,15.0,2026-06-01 14:22:00
U454,Seven Reborn,4.1,2026-06-01 14:22:00
U454,La La Land Saga,4.1,2026-06-01 14:22:00
U455,Inception Original,4.1,2026-06-01 14:22:00
U455,Gladiator Legacy,4.1,2026-06-01 14:22:00
U455,Avatar Part I,4.1,
U455,The Matrix Reloaded,4.1,2026-06-01 14:22:00
U456,The Hangover Original,15.0,2026-06-01 14:22:00
U456,Toy Story Evolution,4.1,2026-06-01 14:22:00
U456,Seven Reborn,4.1,2026-06-01 14:22:00
U456,La La Land Saga,4.1,2026-06-01 14:22:00
U457,Inception Original,4.1,2026-06-01 14:22:00
U457,Gladiator Legacy,4.1,2026-06-01 14:22:00
U457,Avatar Part I,4.1,2026-06-01 14:22:00
U457,The Matrix Reloaded,15.0,
U458,The Hangover Original,4.1,2026-06-01 14:22:00
U458,Toy Story Evolution,4.1,2026-06-01 14:22:00
U458,Seven Reborn,4.1,2026-06-01 14:22:00
U458,La La Land Saga,4.1,2026-06-01 14:22:00
U459,Inception Original,4.1,2026-06-01 14:22:00
U459,Gladiator Legacy,4.1,2026-06-01 14:22:00
U459,Avatar Part I,15.0,2026-06-01 14:22:00
U459,The Matrix Reloaded,4.1,2026-06-01 14:22:00
U460,The Hangover Original,4.1,
U460,Toy Story Evolution,4.1,2026-06-01 14:22:00
U460,Seven Reborn,4.1,2026-06-01 14:22:00
U460,La La Land Saga,4.1,2026-06-01 14:22:00
U461,Inception Original,4.1,2026-06-01 14:22:00
U461,Gladiator Legacy,15.0,2026-06-01 14:22:00
U461,Avatar Part I,4.1,2026-06-01 14:22:00
U461,The Matrix Reloaded,4.1,2026-06-01 14:22:00
U462,The Hangover Original,4.1,2026-06-01 14:22:00
U462,Toy Story Evolution,4.1,
U462,Seven Reborn,4.1,2026-06-01 14:22:00
U462,La La Land Saga,4.1,2026-06-01 14:22:00
U463,Inception Original,15.0,2026-06-01 14:22:00
U463,Gladiator Legacy,4.1,2026-06-01 14:22:00
U463,Avatar Part I,4.1,2026-06-01 14:22:00
U463,The Matrix Reloaded,4.1,2026-06-01 14:22:00
U464,The Hangover Original,4.1,2026-06-01 14:22:00
U464,Toy Story Evolution,4.1,2026-06-01 14:22:00
U464,Seven Reborn,4.1,
U464,La La Land Saga,15.0,2026-06-01 14:22:00
U465,Inception Original,4.1,2026-06-01 14:22:00
U465,Gladiator Legacy,4.1,2026-06-01 14:22:00
U465,Avatar Part I,4.1,2026-06-01 14:22:00
U465,The Matrix Reloaded,4.1,2026-06-01 14:22:00
U466,The Hangover Original,4.1,2026-06-01 14:22:00
U466,Toy Story Evolution,4.1,2026-06-01 14:22:00
U466,Seven Reborn,15.0,2026-06-01 14:22:00
U466,La La Land Saga,4.1,
U467,Inception Original,4.1,2026-06-01 14:22:00
U467,Gladiator Legacy,4.1,2026-06-01 14:22:00
U467,Avatar Part I,4.1,2026-06-01 14:22:00
U467,The Matrix Reloaded,4.1,2026-06-01 14:22:00
U468,The Hangover Original,4.1,2026-06-01 14:22:00
U468,Toy Story Evolution,15.0,2026-06-01 14:22:00
U468,Seven Reborn,4.1,2026-06-01 14:22:00
U468,La La Land Saga,4.1,2026-06-01 14:22:00
U469,Inception Original,4.1,
U469,Gladiator Legacy,4.1,2026-06-01 14:22:00
U469,Avatar Part I,4.1,2026-06-01 14:22:00
U469,The Matrix Reloaded,4.1,2026-06-01 14:22:00
U470,The Hangover Original,15.0,2026-06-01 14:22:00
U470,Toy Story Evolution,4.1,2026-06-01 14:22:00
U470,Seven Reborn,4.1,2026-06-01 14:22:00
U470,La La Land Saga,4.1,2026-06-01 14:22:00
U471,Inception Original,4.1,2026-06-01 14:22:00
U471,Gladiator Legacy,4.1,
U471,Avatar Part I,4.1,2026-06-01 14:22:00
U471,The Matrix Reloaded,15.0,2026-06-01 14:22:00
U472,The Hangover Original,4.1,2026-06-01 14:22:00
U472,Toy Story Evolution,4.1,2026-06-01 14:22:00
U472,Seven Reborn,4.1,2026-06-01 14:22:00
U472,La La Land Saga,4.1,2026-06-01 14:22:00
U473,Inception Original,4.1,2026-06-01 14:22:00
U473,Gladiator Legacy,4.1,2026-06-01 14:22:00
U473,Avatar Part I,15.0,
U473,The Matrix Reloaded,4.1,2026-06-01 14:22:00
U474,The Hangover Original,4.1,2026-06-01 14:22:00
U474,Toy Story Evolution,4.1,2026-06-01 14:22:00
U474,Seven Reborn,4.1,2026-06-01 14:22:00
U474,La La Land Saga,4.1,2026-06-01 14:22:00
U475,Inception Original,4.1,2026-06-01 14:22:00
U475,Gladiator Legacy,15.0,2026-06-01 14:22:00
U475,Avatar Part I,4.1,2026-06-01 14:22:00
U475,The Matrix Reloaded,4.1,
U476,The Hangover Original,4.1,2026-06-01 14:22:00
U476,Toy Story Evolution,4.1,2026-06-01 14:22:00
U476,Seven Reborn,4.1,2026-06-01 14:22:00
U476,La La Land Saga,4.1,2026-06-01 14:22:00
U477,Inception Original,15.0,2026-06-01 14:22:00
U477,Gladiator Legacy,4.1,2026-06-01 14:22:00
U477,Avatar Part I,4.1,2026-06-01 14:22:00
U477,The Matrix Reloaded,4.1,2026-06-01 14:22:00
U478,The Hangover Original,4.1,
U478,Toy Story Evolution,4.1,2026-06-01 14:22:00
U478,Seven Reborn,4.1,2026-06-01 14:22:00
U478,La La Land Saga,15.0,2026-06-01 14:22:00
U479,Inception Original,4.1,2026-06-01 14:22:00
U479,Gladiator Legacy,4.1,2026-06-01 14:22:00
U479,Avatar Part I,4.1,2026-06-01 14:22:00
U479,The Matrix Reloaded,4.1,2026-06-01 14:22:00
U480,The Hangover Original,4.1,2026-06-01 14:22:00
U480,Toy Story Evolution,4.1,
U480,Seven Reborn,15.0,2026-06-01 14:22:00
U480,La La Land Saga,4.1,2026-06-01 14:22:00
U481,Inception Original,4.1,2026-06-01 14:22:00
U481,Gladiator Legacy,4.1,2026-06-01 14:22:00
U481,Avatar Part I,4.1,2026-06-01 14:22:00
U481,The Matrix Reloaded,4.1,2026-06-01 14:22:00
U482,The Hangover Original,4.1,2026-06-01 14:22:00
U482,Toy Story Evolution,15.0,2026-06-01 14:22:00
U482,Seven Reborn,4.1,
U482,La La Land Saga,4.1,2026-06-01 14:22:00
U483,Inception Original,4.1,2026-06-01 14:22:00
U483,Gladiator Legacy,4.1,2026-06-01 14:22:00
U483,Avatar Part I,4.1,2026-06-01 14:22:00
U483,The Matrix Reloaded,4.1,2026-06-01 14:22:00
U484,The Hangover Original,15.0,2026-06-01 14:22:00
U484,Toy Story Evolution,4.1,2026-06-01 14:22:00
U484,Seven Reborn,4.1,2026-06-01 14:22:00
U484,La La Land Saga,4.1,
U485,Inception Original,4.1,2026-06-01 14:22:00
U485,Gladiator Legacy,4.1,2026-06-01 14:22:00
U485,Avatar Part I,4.1,2026-06-01 14:22:00
U485,The Matrix Reloaded,15.0,2026-06-01 14:22:00
U486,The Hangover Original,4.1,2026-06-01 14:22:00
U486,Toy Story Evolution,4.1,2026-06-01 14:22:00
U486,Seven Reborn,4.1,2026-06-01 14:22:00
U486,La La Land Saga,4.1,2026-06-01 14:22:00
U487,Inception Original,4.1,
U487,Gladiator Legacy,4.1,2026-06-01 14:22:00
U487,Avatar Part I,15.0,2026-06-01 14:22:00
U487,The Matrix Reloaded,4.1,2026-06-01 14:22:00
U488,The Hangover Original,4.1,2026-06-01 14:22:00
U488,Toy Story Evolution,4.1,2026-06-01 14:22:00
U488,Seven Reborn,4.1,2026-06-01 14:22:00
U488,La La Land Saga,4.1,2026-06-01 14:22:00
U489,Inception Original,4.1,2026-06-01 14:22:00
U489,Gladiator Legacy,15.0,
U489,Avatar Part I,4.1,2026-06-01 14:22:00
U489,The Matrix Reloaded,4.1,2026-06-01 14:22:00
U490,The Hangover Original,4.1,2026-06-01 14:22:00
U490,Toy Story Evolution,4.1,2026-06-01 14:22:00
U490,Seven Reborn,4.1,2026-06-01 14:22:00
U490,La La Land Saga,4.1,2026-06-01 14:22:00
U491,Inception Original,15.0,2026-06-01 14:22:00
U491,Gladiator Legacy,4.1,2026-06-01 14:22:00
U491,Avatar Part I,4.1,
U491,The Matrix Reloaded,4.1,2026-06-01 14:22:00
U492,The Hangover Original,4.1,2026-06-01 14:22:00
U492,Toy Story Evolution,4.1,2026-06-01 14:22:00
U492,Seven Reborn,4.1,2026-06-01 14:22:00
U492,La La Land Saga,15.0,2026-06-01 14:22:00
U493,Inception Original,4.1,2026-06-01 14:22:00
U493,Gladiator Legacy,4.1,2026-06-01 14:22:00
U493,Avatar Part I,4.1,2026-06-01 14:22:00
U493,The Matrix Reloaded,4.1,
U494,The Hangover Original,4.1,2026-06-01 14:22:00
U494,Toy Story Evolution,4.1,2026-06-01 14:22:00
U494,Seven Reborn,15.0,2026-06-01 14:22:00
U494,La La Land Saga,4.1,2026-06-01 14:22:00
U495,Inception Original,4.1,2026-06-01 14:22:00
U495,Gladiator Legacy,4.1,2026-06-01 14:22:00
U495,Avatar Part I,4.1,2026-06-01 14:22:00
U495,The Matrix Reloaded,4.1,2026-06-01 14:22:00
U496,The Hangover Original,4.1,
U496,Toy Story Evolution,15.0,2026-06-01 14:22:00
U496,Seven Reborn,4.1,2026-06-01 14:22:00
U496,La La Land Saga,4.1,2026-06-01 14:22:00
U497,Inception Original,4.1,2026-06-01 14:22:00
U497,Gladiator Legacy,4.1,2026-06-01 14:22:00
U497,Avatar Part I,4.1,2026-06-01 14:22:00
U497,The Matrix Reloaded,4.1,2026-06-01 14:22:00
U498,The Hangover Original,15.0,2026-06-01 14:22:00
U498,Toy Story Evolution,4.1,
U498,Seven Reborn,4.1,2026-06-01 14:22:00
U498,La La Land Saga,4.1,2026-06-01 14:22:00
U499,Inception Original,4.1,2026-06-01 14:22:00
U499,Gladiator Legacy,4.1,2026-06-01 14:22:00
U499,Avatar Part I,4.1,2026-06-01 14:22:00
U499,The Matrix Reloaded,15.0,2026-06-01 14:22:00
U500,The Hangover Original,4.1,2026-06-01 14:22:00
U500,Toy Story Evolution,4.1,2026-06-01 14:22:00
U500,Seven Reborn,4.1,
U500,La La Land Saga,4.1,2026-06-01 14:22:00
